Workbook

Sheet FORMULAS
A1: MUJER | D1: HOMBRE
A2: Peso kg | B2: =MUJER!B2 -> 82 | D2: Peso kg | E2: =HOMBRE!B2 -> 85 | G2: NOTA: DEPENDIENDO DE MB CAMBIAR LA CELDA
A3: Talla | B3: =MUJER!B3 -> 160 | D3: Talla | E3: =HOMBRE!B3 -> 170
A4: IMC | B4: =MUJER!B4 -> 32.03125 | D4: IMC | E4: =HOMBRE!B4 -> 29.411765 | L4: Cotenido nutricional de la porción de intercambio
A5: Edad | B5: =MUJER!B5 -> 42 | D5: Edad | E5: =HOMBRE!B5 -> 45 | L5: Grupo de alimento | P5: CHO (g) | Q5: Prot (g) | R5: Grasas (g)
L6: Cereales, tuberculos y plátanos | O6: Altos en CHO y bajos en grasas | P6: 30 | Q6: 4 | R6: 1
A7: REE | O7: Medios en CHO y bajos en grasas | P7: 20 | Q7: 3 | R7: 1
A8: Formulas | B8: Mujer | C8: Hombre | O8: Medios en CHO y medios en grasas | P8: 20 | Q8: 2 | R8: 6
A9: owen | B9: =795+(7.18*B2) -> 1383.76 | C9: =879+(10.2*E2) -> 1746 | E9: ACTIVIDAD FÍSICA | H9: GET -- Oxford y OMS | L9: Frutas | O9: Medias en CHO | P9: 20 | Q9: 1 | R9: 0
A10: valencia | B10: =(11.02*B2)+679 -> 1582.64 | C10: =(14.21*E2)+429 -> 1636.85 | E10: Sedentario | F10: 1.2 | H10: Mujer | I10: =(B24*F15)+(B24/10) -> 2021.24 | O10: Bajas en CHO | P10: 10 | Q10: 1 | R10: 0
A11: mifflin | B11: =(10*B2)+(6.25*B3)-(5*B5)-161 -> 1449 | C11: =(10*E2)+(6.25*E3)-(5*E5)+5 -> 1692.5 | E11: Activo | F11: 1.5 | H11: Hombre | I11: =(C25*F15)+(C25/10) -> 2277.21 | O11: Deshidratadas | P11: 20 | Q11: 1 | R11: 0
A12: harris & b | B12: =655.0955+(9.5634*B2)+(1.8449*B3)-(4.6756*B5) -> 1538.1031 | C12: =66.473+(13.7516*E2)+(5.0033*E3)-(6.775*E5) -> 1781.045 | E12: Muy activo | F12: 1.725 | L12: Vegetales | O12: Bajos en CHO | P12: 5 | Q12: 1 | R12: 0
A13: cunnigham | B13: =(500+22*B19) -> 1660.7777 | C13: =(500+22*C19) -> 1411.4492 | E13: Otro | F13: 0 | H13: GET | O13: Libre consumo | P13: 3 | Q13: 2 | R13: 0
A14: livingston | B14: =248*(B2^0.43356)-B5*5.09 -> 1461.953 | C14: =293*(E2^0.433)-E5*5.92 -> 1739.4849 | H14: Mujer | I14: =MUJER!B10 -> mifflin | J14: =((VLOOKUP(I14,$A$9:$B$15,2,FALSE))*$F$15)+(VLOOKUP(I14,$A$9:$B$15,2,FALSE)*10%) -> 1883.7 | L14: Lacteos | O14: Enteros - altos en grasas | P14: 11 | Q14: 8 | R14: 8
A15: estimación rápida | B15: =16.2*B2 -> 1328.4 | C15: =17*E2 -> 1445 | E15: TA | F15: 1.2 | H15: Hombre | I15: =HOMBRE!B10 -> mifflin | J15: =((VLOOKUP(I15,$A$9:$C$15,3,FALSE))*$F$15)+(VLOOKUP(I15,$A$9:$C$15,3,FALSE)*10%) -> 2200.25 | O15: Semidescremados - medios en grasas | P15: 11 | Q15: 8 | R15: 4
O16: Descremados - bajos en grasas | P16: 12 | Q16: 8 | R16: 1
O17: Descremados y altos en CHO | P17: 25 | Q17: 6 | R17: 3
B18: Mujer | C18: Hombre | E18: C BRAZO | F18: c CINTURA | G18: C pantorilla | H18: formula | O18: Quesos | P18: 1 | Q18: 7 | R18: 7
A19: LBM (cunnigham) | B19: =(79.5-(0.24*(B2))-(0.15*(B5))*B2/73.2) -> 52.762623 | C19: =(69.8-(0.26*E2)-(0.12*E5)*E2/73.2) -> 41.429508 | E19: 32 | F19: 102 | G19: 40 | H19: =(0.5759*E19)+(0.5263*F19)+(1.2452*G19)-37.793 -> 84.1264 | L19: Carnes, pescados y huevos | O19: Altos en grasas | P19: 1 | Q19: 11 | R19: 15
O20: Medios en grasas | P20: 0 | Q20: 11 | R20: 7
A21: Formula de oxford | O21: Bajos en grasas | P21: 0 | Q21: 11 | R21: 2
B22: Mujer | C22: Hombre | E22: Distribucción energética | G22: Proteína g/kg/día | I22: DISTRIBUCION DE ALIMENTOS | O22: Embutidos | P22: 1 | Q22: 7 | R22: 7
A23: 10-18 años | B23: =(9.4*$B$2)+246*($B$3*0.01)+462 -> 1626.4 | C23: =(15.6*$E$2)+266*($E$3*0.01)+299 -> 2077.2 | E23: CHO | F23: 55-60% | G23: Hipoproteico (g) | H23: 1 | I23: PRIMER | J23: CEREALES 50% CHO | L23: Leguminosas | O23: Leguminosas | P23: 20 | Q23: 9 | R23: 1
A24: 18-30 | B24: =(10.4*$B$2)+615*($B$3*0.01)-282 -> 1554.8 | C24: =(14.4*$E$2)+313*($E$3*0.01)+113 -> 1869.1 | E24: Proteínas | F24: 10-15% | G24: Normoproteico (g) | H24: 1.2 | I24: SEGUNDO | J24: PROTEINAS | L24: Grasas y frutos secos | O24: Altos en grasas | P24: 1 | Q24: 1 | R24: 12
A25: 30-60 | B25: =(8.18*$B$2)+502*($B$3*0.01)-11.6 -> 1462.36 | C25: =(11.4*$E$2)+541*($E$3*0.01)-137 -> 1751.7 | E25: Grasas | F25: 25-35% | G25: Hiperproteico (g) | H25: 1.5 | I25: TERCERO | J25: GRASAS | O25: Medios en grasas | P25: 2 | Q25: 1 | R25: 7
A26: >60 | B26: =(8.52*$B$2)+421*($B$3*0.01)-10.7 -> 1361.54 | C26: =(11.4*$E$2)+541*($E$3*0.01)-256 -> 1632.7 | G26: Otro | I26: CUARTO | J26: CHO FALTANTES | O26: Altos en grasas y bajos en CHO | P26: 8 | Q26: 4 | R26: 10
O27: Medios en grasas y bajor en CHO | P27: 12 | Q27: 2 | R27: 7
A28: FAO/OMS | L28: Azucares y alimentos azucarados | O28: Azucares y alimentos azucarados | P28: 10 | Q28: 0 | R28: 0
B29: Mujer | C29: Hombre
A30: 0-3 años | B30: =(61*$B$2)-51 -> 4951 | C30: =(60.9*$E$2)-54 -> 5122.5
A31: 4-10 años | B31: =(22.5*$B$2)+499 -> 2344 | C31: =(22.7*$E$2)+495 -> 2424.5
A32: 11-18 años | B32: =(12.2*$B$2)+746 -> 1746.4 | C32: =(17.5*$E$2)+651 -> 2138.5
A33: 19-30 años | B33: =(14.7*$B$2)+496 -> 1701.4 | C33: =(15.3*$E$2)+679 -> 1979.5
A34: 31-60 años | B34: =(8.7*$B$2)+829 -> 1542.4 | C34: =(11.6*$E$2)+879 -> 1865
A35: >60 | B35: =(10.5*$B$2)+596 -> 1457 | C35: =(13.5*$E$2)+487 -> 1634.5
A38: Hipoproteico (g) | B38: Normoproteico (g) | C38: Hiperproteico (g)
A39: 0.8 | B39: 1 | C39: 1.3
A40: 0.9 | B40: 1.1 | C40: 1.4
A41: 1 | B41: 1.2 | C41: 1.5
C42: 1.6
C43: 1.7
C44: 1.8
C45: 1.9
C46: 2
A49: % | B49: MESES
A50: 0.05 | B50: 3
A51: 0.1 | B51: 4
A52: 0.15 | B52: 5
A53: 0.2 | B53: 6
A54: 0.25
A55: 0.3
A56: 0.35
A57: 0.4

Sheet TCA
A1: Grupo | B1: Alimento | C1: 100 | D1: Nombre en Inglés | E1: Energía calculada (Kcal) | F1: Proteína (g) | G1: Grasa total (g) | H1: Carbohidratos (g) | I1: Fibra (g) | J1: AGS (g) | K1: AGM (g) | L1: AGPI (g) | M1: Colesterol (mg) | N1: Calcio (mg) | O1: Fósforo (mg) | P1: Hierro (mg) | Q1: Potasio (mg) | R1: Sodio (mg) | S1: Zinc (mg) | T1: Vitamina C (mg) | U1: Vitamina A (µg ERE) | V1: Folatos (µg) | W1: Vitamina B12 (µg)
A3: Cereales | B3: Amaranto, grano seco | D3: Amaranth, grain, dry, uncooked | E3: 381.07 | F3: 14.45 | G3: 6.51 | H3: 66.17 | I3: 9.3 | J3: 1.66 | K3: 1.43 | L3: 2.89 | M3: 0 | N3: 153 | O3: 455 | P3: 7.59 | Q3: 366 | R3: 21 | S3: 3.18 | T3: 4 | U3: 0 | V3: 49 | W3: 0
A4: Cereales | B4: Arroz blanco grano largo, cocido | D4: Rice, white, long-grain, unenriched, cooked, with salt | E4: 125.96 | F4: 2.69 | G4: 0.28 | H4: 28.17 | I4: 0.4 | J4: 0.08 | K4: 0.09 | L4: 0.08 | M4: 0 | N4: 10 | O4: 43 | P4: 0.2 | Q4: 35 | R4: 382 | S4: 0.49 | T4: 0 | U4: 0 | V4: 3 | W4: 0
A5: Cereales | B5: Arroz blanco, grano corto | D5: Rice, white, short-grain, unenriched, raw | E5: 347.28 | F5: 6.5 | G5: 0.52 | H5: 79.15 | J5: 0.14 | K5: 0.16 | L5: 0.14 | M5: 0 | N5: 3 | O5: 95 | P5: 0.8 | Q5: 76 | R5: 1 | S5: 1.1 | T5: 0 | V5: 6 | W5: 0
A6: Cereales | B6: Arroz blanco, grano corto, cocido | D6: Rice, white, short-grain, unenriched, cooked | E6: 126.07 | F6: 2.36 | G6: 0.19 | H6: 28.73 | J6: 0.05 | K6: 0.06 | L6: 0.05 | M6: 0 | N6: 1 | O6: 33 | P6: 0.2 | Q6: 26 | R6: 0 | S6: 0.4 | T6: 0 | V6: 2 | W6: 0
A7: Cereales | B7: Arroz blanco, grano largo crudo | D7: Rice, white, long-grain, raw, unenriched | E7: 354.26 | F7: 7.13 | G7: 0.66 | H7: 79.95 | I7: 1.3 | J7: 0.18 | K7: 0.21 | L7: 0.18 | M7: 0 | N7: 28 | O7: 115 | P7: 0.8 | Q7: 115 | R7: 5 | S7: 1.09 | T7: 0 | U7: 0 | V7: 8 | W7: 0
A8: Cereales | B8: Arroz blanco, grano largo, parbolizado, cocido | D8: Rice, white, long-grain, parabolized, unenriched, cooked | E8: 119.17 | F8: 2.91 | G8: 0.37 | H8: 26.05 | I8: 0.9 | J8: 0.07 | K8: 0.07 | L8: 0.09 | M8: 0 | N8: 19 | O8: 55 | P8: 0.24 | Q8: 56 | R8: 2 | S8: 0.37 | T8: 0 | V8: 3 | W8: 0
A9: Cereales | B9: Arroz blanco, grano largo, parbolizado, crudo | D9: Rice, white, long-grain, parabolized, unenriched, dry | E9: 362.87 | F9: 7.51 | G9: 1.03 | H9: 80.89 | I9: 1.8 | J9: 0.29 | K9: 0.26 | L9: 0.32 | M9: 0 | N9: 71 | O9: 153 | P9: 0.74 | Q9: 174 | R9: 2 | S9: 1.02 | T9: 0 | U9: 0 | V9: 8 | W9: 0
A10: Cereales | B10: Arroz blanco, grano medio, cocido | D10: Rice, white, medium-grain, unenriched, cooked | E10: 125.77 | F10: 2.38 | G10: 0.21 | H10: 28.59 | J10: 0.06 | K10: 0.07 | L10: 0.06 | M10: 0 | N10: 3 | O10: 37 | P10: 0.2 | Q10: 29 | R10: 0 | S10: 0.42 | T10: 0 | V10: 2 | W10: 0
A11: Cereales | B11: Arroz blanco, grano medio, crudo | D11: Rice, white, medium-grain, unenriched, raw | E11: 349.02 | F11: 6.61 | G11: 0.58 | H11: 79.34 | J11: 0.16 | K11: 0.18 | L11: 0.16 | M11: 0 | N11: 9 | O11: 108 | P11: 0.8 | Q11: 86 | R11: 1 | S11: 1.16 | T11: 0 | V11: 9 | W11: 0
A12: Cereales | B12: Arroz blanco, pulido, enriquecido,precocido | D12: Rice, white, long-grain, precooked, enriched, dry | E12: 369.02 | F12: 7.82 | G12: 0.94 | H12: 82.32 | I12: 1.9 | J12: 0.15 | K12: 0.14 | L12: 0.22 | M12: 0 | N12: 22 | O12: 118 | P12: 6.3 | Q12: 27 | R12: 10 | S12: 1.43 | T12: 0 | U12: 0 | V12: 466 | W12: 0
A13: Cereales | B13: Arroz integral, grano largo cocido | D13: Rice, brown, long-grain, cooked | E13: 122.01 | F13: 2.74 | G13: 0.97 | H13: 25.58 | I13: 1.6 | J13: 0.26 | K13: 0.37 | L13: 0.37 | M13: 0 | N13: 3 | O13: 103 | P13: 0.56 | Q13: 86 | R13: 4 | S13: 0.71 | T13: 0 | U13: 0 | V13: 9 | W13: 0
A14: Cereales | B14: Arroz integral, grano largo crudo | D14: Rice, brown, long-grain, raw | E14: 363.96 | F14: 7.54 | G14: 3.2 | H14: 76.25 | I14: 3.6 | J14: 0.59 | K14: 1.05 | L14: 1 | M14: 0 | N14: 9 | O14: 311 | P14: 1.29 | Q14: 250 | R14: 5 | S14: 2.13 | T14: 0 | U14: 0 | V14: 23 | W14: 0
A15: Cereales | B15: Arroz integral, grano medio, cocido | D15: Rice, brown, medium-grain, cooked | E15: 110.79 | F15: 2.32 | G15: 0.83 | H15: 23.51 | I15: 1.8 | J15: 0.17 | K15: 0.3 | L15: 0.3 | M15: 0 | N15: 10 | O15: 77 | P15: 0.53 | Q15: 79 | R15: 1 | S15: 0.62 | T15: 0 | U15: 0 | V15: 4 | W15: 0
A16: Cereales | B16: Arroz integral, grano medio, crudo | D16: Rice, brown, medium-grain, raw | E16: 358.8 | F16: 7.5 | G16: 2.68 | H16: 76.17 | I16: 3.4 | J16: 0.54 | K16: 0.97 | L16: 0.96 | M16: 0 | N16: 33 | O16: 264 | P16: 1.8 | Q16: 268 | R16: 4 | S16: 2.02 | T16: 0 | U16: 0 | V16: 20 | W16: 0
A17: Cereales | B17: Arroz precocido, eriquecido, crudo | D17: Rice, white, long-grain, precooked or instant, enriched, dry | E17: 369.02 | F17: 7.82 | G17: 0.94 | H17: 82.32 | I17: 1.9 | J17: 0.15 | K17: 0.14 | L17: 0.22 | M17: 0 | N17: 22 | O17: 118 | P17: 6.3 | Q17: 27 | R17: 10 | S17: 1.43 | T17: 0 | U17: 0 | V17: 275 | W17: 0
A18: Cereales | B18: Arroz, tipo arrocillo, crudo | D18: Rice, arrocillo type, raw | E18: 354.26 | F18: 7.13 | G18: 0.66 | H18: 79.95 | I18: 1.3 | J18: 0.18 | K18: 0.21 | L18: 0.18 | M18: 0 | N18: 28 | O18: 115 | P18: 0.8 | Q18: 115 | R18: 5 | S18: 1.09 | T18: 0 | U18: 0 | V18: 8 | W18: 0
A19: Cereales | B19: Avena, hojuelas, sin fortificar, Mosh | D19: Oats (flakes), unenriched, Mosh | E19: 394.74 | F19: 16.89 | G19: 6.9 | H19: 66.27 | I19: 10.6 | J19: 1.22 | K19: 2.18 | L19: 2.54 | M19: 0 | N19: 54 | O19: 523 | P19: 4.72 | Q19: 429 | R19: 2 | S19: 3.97 | T19: 0 | U19: 0 | V19: 56 | W19: 0
A20: Cereales | B20: Avena, molida, Quaker | D20: Oats, ground, Quaker | E20: 372.9 | F20: 15.5 | G20: 6.1 | H20: 64 | I20: 10.9 | J20: 1.08 | K20: 1.92 | L20: 2.23 | M20: 0 | N20: 357 | O20: 357 | P20: 28.93 | Q20: 354 | R20: 286 | S20: 3.07 | T20: 0 | U20: 1072 | V20: 464 | W20: 0
A21: Cereales | B21: Brazo gitano, relleno de dulce, promedio | D21: Swiss roll, wheat flour, eggs, butter, sweet filling, commercially prepared | E21: 231.58 | F21: 3.99 | G21: 8.18 | H21: 35.5 | N21: 18 | O21: 92 | P21: 0.59 | Q21: 67 | R21: 178 | S21: 0.35
A22: Cereales | B22: Cebada perlada | D22: Barley, pearled, raw | E22: 360.96 | F22: 9.91 | G22: 1.16 | H22: 77.72 | I22: 15.6 | J22: 0.24 | K22: 0.15 | L22: 0.56 | M22: 0 | N22: 29 | O22: 221 | P22: 2.5 | Q22: 280 | R22: 9 | S22: 213 | T22: 0 | U22: 1 | V22: 23 | W22: 0
A23: Cereales | B23: Cebada, arroz de cebada, cruda | D23: Barley rice, raw | E23: 364.54 | F23: 12.48 | G23: 2.3 | H23: 73.48 | I23: 17.3 | J23: 0.48 | K23: 0.29 | L23: 1.11 | M23: 0 | N23: 33 | O23: 264 | P23: 3.6 | Q23: 452 | R23: 12 | S23: 2.77 | T23: 0 | U23: 1 | V23: 19 | W23: 0
A24: Cereales | B24: Cebada, perlada, grano entero | D24: Barley, hulled, whole grain | E24: 364.54 | F24: 12.48 | G24: 2.3 | H24: 73.48 | I24: 17.3 | J24: 0.48 | K24: 0.29 | L24: 1.11 | M24: 0 | N24: 33 | O24: 264 | P24: 3.6 | Q24: 452 | R24: 12 | S24: 2.77 | T24: 0 | U24: 1 | V24: 19 | W24: 0
A25: Cereales | B25: Cebada, tapioca, perlada, seca | D25: Barley flour, tapioca, pearl,raw | E25: 355.7 | F25: 0.19 | G25: 0.02 | H25: 88.69 | I25: 0.9 | J25: 0 | K25: 0 | L25: 0 | M25: 0 | N25: 20 | O25: 7 | P25: 1.58 | Q25: 11 | R25: 1 | S25: 0.12 | T25: 0 | U25: 0 | V25: 4 | W25: 0
A26: Cereales | B26: Centeno, grano, crudo | D26: Rye, grain, raw | E26: 360.58 | F26: 14.76 | G26: 2.5 | H26: 69.76 | I26: 14.6 | J26: 0.29 | K26: 0.3 | L26: 1.12 | M26: 0 | N26: 33 | O26: 374 | P26: 2.67 | Q26: 264 | R26: 6 | S26: 3.73 | T26: 0 | U26: 1 | V26: 60 | W26: 0
A27: Cereales | B27: Cereal desayuno, amaranto, horneado, Nutrial | D27: Cereal, breakfast, baked amaranth, Nutrial | E27: 404.55 | F27: 13.64 | G27: 4.55 | H27: 77.27 | J27: 0 | K27: 0 | L27: 0 | M27: 0 | R27: 68.18
A28: Cereales | B28: Cereal desayuno, arroz crocante | D28: Cereal, breakfast, crispy rice | E28: 391.46 | F28: 7.32 | G28: 1.22 | H28: 87.8 | I28: 0 | J28: 0 | M28: 0 | N28: 0 | O28: 98 | P28: 30.73 | Q28: 98 | R28: 585 | S28: 18.29 | T28: 14.6 | U28: 731.7 | V28: 878 | W28: 8.78
A29: Cereales | B29: Cereal desayuno, arroz crocante | D29: Cereal, Breakfast, Kellogg´s, corn pops | E29: 389.7 | F29: 4.8 | G29: 1.3 | H29: 89.7 | I29: 8.4 | J29: 0.5 | K29: 0.2 | L29: 0.5 | M29: 0 | N29: 7 | O29: 52 | P29: 6 | Q29: 113 | R29: 357 | S29: 5 | T29: 20 | U29: 467 | V29: 333 | W29: 5
A30: Cereales | B30: Cereal desayuno, arroz crocante sabor a chocolate | D30: Cereal, breakfast, crispy rice, chocolate flavor | E30: 389.97 | F30: 3.33 | G30: 3.33 | H30: 86.67 | I30: 1.7 | J30: 0 | M30: 0 | N30: 0 | P30: 6 | R30: 300 | S30: 5 | T30: 0 | U30: 500.1 | W30: 2
A31: Cereales | B31: Cereal desayuno, con pasas, Kellog’s | D31: Cereal, breakfast, raisin bran, Kellogg’s | E31: 364.52 | F31: 7.72 | G31: 2.72 | H31: 77.29 | I31: 11.4 | J31: 0.48 | K31: 0.34 | L31: 0.95 | M31: 0 | N31: 43 | O31: 347 | P31: 12.33 | Q31: 653 | R31: 356 | S31: 3.39 | T31: 0 | U31: 386 | V31: 201 | W31: 19
A32: Cereales | B32: Cereal desayuno, corn flakes con miel, Kellog’s | D32: Cereal, breakfast, honey crunch corn flakes, Kellogg’s | E32: 392.3 | F32: 6.8 | G32: 1.9 | H32: 87 | I32: 3.4 | J32: 0.3 | K32: 1 | L32: 0.6 | M32: 0 | N32: 22 | O32: 60 | P32: 6.2 | Q32: 102 | R32: 700 | S32: 0.3 | T32: 20 | U32: 502 | V32: 553 | W32: 5
A33: Cereales | B33: Cereal desayuno, de arroz, con quinoa y chia, sabor a chile, Livekuna | D33: Cereal, breakfast, from rice, with quinua and chia, chile flavour, Livekuna | E33: 448.57 | F33: 8.57 | G33: 14.29 | H33: 71.43 | I33: 2.86 | J33: 2.86 | K33: 4.29 | L33: 8.57 | M33: 0 | R33: 514.29
A34: Cereales | B34: Cereal desayuno, froot loops, trix, Kellog’s | D34: Cereal, breakfast, froot loops, trix, Kellogg’s | E34: 397.98 | F34: 5.04 | G34: 3.1 | H34: 87.48 | I34: 2.5 | J34: 1.52 | K34: 0.43 | L34: 0.68 | M34: 0 | N34: 14 | O34: 112 | P34: 20.4 | Q34: 120 | R34: 501 | S34: 19 | T34: 47 | U34: 467 | V34: 585 | W34: 7.07
A35: Cereales | B35: Cereal desayuno, granola, con miel y pasas, Schullo | D35: Cereal, Breakfast, granola, with honey and raisins, Schullo | E35: 471.11 | F35: 15.56 | G35: 17.78 | H35: 62.22 | I35: 8.89 | J35: 2.22 | K35: 11.11 | L35: 3.33 | M35: 0 | R35: 66.67
A36: Cereales | B36: Cereal desayuno, granola, con trigo y miel | D36: Cereal, breakfast, granola, wheat & honey | E36: 441.38 | F36: 10.55 | G36: 11.62 | H36: 73.65 | I36: 10.2 | J36: 1.24 | K36: 6.6 | L36: 2.68 | M36: 2 | N36: 109 | O36: 357 | P36: 392 | Q36: 483 | R36: 50 | S36: 2.95 | T36: 0.2 | U36: 2 | V36: 37 | W36: 0.17
A37: Cereales | B37: Cereal desayuno, granola, muesli con frutas secas y nueces, promedio | D37: Cereal, breakfast, granola, muesli, dried fruit & nuts, average | E37: 393.4 | F37: 8 | G37: 4.6 | H37: 80 | I37: 5 | J37: 0.85 | K37: 2.12 | L37: 1.14 | M37: 0 | N37: 36 | O37: 273 | P37: 2 | Q37: 279 | R37: 376 | S37: 1.1 | T37: 0 | U37: 0 | V37: 13 | W37: 0
A38: Cereales | B38: Cereal desayuno, granola, preparada en casa | D38: Cereal, breakfast, granola, homemade | E38: 488.99 | F38: 13.67 | G38: 24.31 | H38: 53.88 | I38: 8.9 | J38: 3.96 | K38: 10.95 | L38: 7.81 | M38: 0 | N38: 76 | O38: 431 | P38: 3.95 | Q38: 539 | R38: 26 | S38: 4.17 | T38: 1.2 | U38: 1 | V38: 84 | W38: 0
A39: Cereales | B39: Cereal desayuno, hojuelas azucaradas, zucaritas, Kellog’s | D39: Cereal, breakfast, sugared flakes, zucaritas, Kellogg’s | E39: 379.08 | F39: 3.3 | G39: 0.52 | H39: 90.3 | I39: 3.2 | J39: 0.17 | K39: 0.09 | L39: 0.3 | M39: 0 | N39: 5 | O39: 34 | P39: 14.5 | Q39: 73 | R39: 479 | S39: 0.18 | T39: 20 | U39: 517 | V39: 543 | W39: 5
A40: Cereales | B40: Cereal desayuno, hojuelas de maíz, original, Kellog’s | D40: Cereal, breakfast, corn flakes, natural, Kellogg’s | E40: 370 | F40: 7.5 | G40: 0.4 | H40: 84.1 | I40: 3.3 | J40: 0.12 | K40: 0.07 | L40: 0.2 | M40: 0 | N40: 5 | O40: 102 | P40: 28.9 | Q40: 168 | R40: 729 | S40: 1 | T40: 21 | U40: 490 | V40: 34 | W40: 357
A41: Cereales | B41: Cereal desayuno, hojuelas de trigo, All-bran | D41: Cereal, breakfast, wheat flakes, All-bran | E41: 393.62 | F41: 13.14 | G41: 4.9 | H41: 74.24 | I41: 29.3 | J41: 0.64 | K41: 0.67 | L41: 2.11 | M41: 0 | N41: 389 | O41: 1150 | P41: 17.6 | Q41: 1020 | R41: 242 | S41: 12.4 | T41: 20 | U41: 525 | V41: 2198 | W41: 18.8
A42: Cereales | B42: Cereal desayuno, Nesquik, sabor chocolate, Nestlé | D42: Cereal, breakfast, Nesquik, chocolate flavour, Nestle | E42: 408.6 | F42: 5 | G42: 5.4 | H42: 85 | I42: 0 | J42: 1.3 | M42: 0 | N42: 333 | O42: 133 | P42: 15 | Q42: 223 | R42: 615 | S42: 12.5 | T42: 20 | U42: 501 | V42: 553 | W42: 5
A43: Cereales | B43: Cereal desayuno, Special K, Kellog’s | D43: Cereal, breakfast, Special K, Kellogg’s | E43: 381 | F43: 17.8 | G43: 1.8 | H43: 73.4 | I43: 1.4 | J43: 0.4 | K43: 0.3 | L43: 0.4 | M43: 0 | N43: 23 | O43: 48 | P43: 28 | Q43: 53 | R43: 667 | S43: 0.7 | T43: 68 | U43: 500.1 | V43: 1290 | W43: 19.4
A44: Cereales | B44: Cereal para niños, de trigo y leche, Cerelac | D44: Children’s cereal, with milk, wheat and milk, Cerelac | E44: 413.5 | F44: 15 | G44: 9.5 | H44: 67 | I44: 2 | J44: 4.26 | K44: 3.2 | L44: 1.94 | M44: 21 | R44: 150
A45: Cereales | B45: Chibil, masa de maíz, cocido al vapor, comercialmente preparado | D45: Chibil, maize dough, steamed, commercially prepared | E45: 261.2 | F45: 4.54 | G45: 17.64 | H45: 21.07 | N45: 52 | O45: 119 | P45: 27.99 | Q45: 88 | R45: 461 | S45: 0.92
A46: Cereales | B46: Cous-cous, crudo, Dececco | D46: Cous-cous, raw, Dececco | E46: 349.5 | F46: 13 | G46: 1.5 | H46: 71 | I46: 3.4 | J46: 0.2 | R46: 0.01
A47: Cereales | B47: Emborrajados, guineo, harina de trigo, frito, comercialmente preparado | D47: Emborrajados, banana, wheat flour, fried, commercially prepared | E47: 211.99 | F47: 2.42 | G47: 7.79 | H47: 33.05 | N47: 21 | O47: 172 | P47: 5.22 | Q47: 804 | R47: 76 | S47: 1.66
A48: Cereales | B48: Empanada, de morocho, con carne, Tasty | D48: Empanada, de morocho, with meat, Tasty | E48: 137.5 | F48: 6.25 | G48: 2.5 | H48: 22.5 | I48: 0 | J48: 0.63 | K48: 1.25 | L48: 0 | M48: 5
A49: Cereales | B49: Empanadas, de viento, harina de trigo, frito, comercialmente preparado | D49: Wind empanada, wheat flour, fried, commercially prepared | E49: 356.75 | F49: 8.72 | G49: 12.15 | H49: 53.13 | N49: 16 | O49: 145 | P49: 1.61 | Q49: 61 | S49: 0.61
A50: Cereales | B50: Galletas de dulce, con crema, sabor a fresa, Festival | D50: Cookie, sweet, with cream, strawberry flavor, Festival | E50: 467.26 | F50: 5.95 | G50: 14.88 | H50: 77.38 | I50: 0 | J50: 7.44 | K50: 5.95 | L50: 1.49 | M50: 0 | R50: 193.45
A51: Cereales | B51: Galletas dulces, con chispas de chocolate, promedio | D51: Cookies, sweet, with chocolate chips, average | E51: 455 | F51: 5.8 | G51: 15.4 | H51: 73.3 | I51: 3.6 | J51: 3.81 | K51: 6.09 | L51: 4.65 | M51: 0 | N51: 19 | O51: 84 | P51: 3.07 | Q51: 123 | R51: 377 | S51: 0.7 | T51: 0 | U51: 0 | V51: 115 | W51: 0
A52: Cereales | B52: Galletas dulces, de chocolate, promedio | D52: Cookies, sweet, of chocolate, average | E52: 443.8 | F52: 6.6 | G52: 14.2 | H52: 72.4 | I52: 3.4 | J52: 4.24 | K52: 4.86 | L52: 4.15 | M52: 2 | N52: 31 | O52: 132 | P52: 4.01 | Q52: 210 | R52: 580 | S52: 1.09 | T52: 0 | U52: 3 | V52: 96 | W52: 0.09
A53: Cereales | B53: Galletas dulces, tipo María, promedio | D53: Cookie, sweet, Maria Type, average | E53: 481.9 | F53: 5.1 | G53: 21.1 | H53: 67.9 | I53: 0.8 | J53: 5.43 | K53: 11.84 | L53: 2.66 | M53: 51 | N53: 21 | O53: 80 | P53: 2.14 | Q53: 63 | R53: 357 | S53: 0.43 | T53: 0 | U53: 26 | V53: 82 | W53: 0.19
A54: Cereales | B54: Galletas dulces, tipo wafle con relleno, promedio | D54: Cookies, sugar wafers with cream filling, average | E54: 515.5 | F54: 4.1 | G54: 24.3 | H54: 70.1 | I54: 0.6 | J54: 3.62 | K54: 10.33 | L54: 9.16 | M54: 0 | N54: 18 | O54: 56 | P54: 1.95 | Q54: 59 | R54: 147 | S54: 0.35 | T54: 0 | U54: 0 | V54: 84 | W54: 0
A55: Cereales | B55: Galletas, de agua, tipo saltinas, con sal, Soda | D55: Cookies, crackers, saltines type, Soda | E55: 422.67 | F55: 9.22 | G55: 11.35 | H55: 70.91 | I55: 3 | J55: 1.66 | K55: 7 | L55: 1.25 | M55: 0 | N55: 68 | O55: 101 | P55: 5.69 | Q55: 154 | R55: 1072 | S55: 0.83 | T55: 0 | U55: 0 | V55: 215 | W55: 0
A56: Cereales | B56: Galletas, de avena, promedio | D56: Cookies, oatmeal, average | E56: 462.5 | F56: 6.2 | G56: 18.1 | H56: 68.7 | I56: 2.8 | J56: 4.52 | K56: 10.02 | L56: 2.54 | M56: 0 | N56: 37 | O56: 138 | P56: 2.58 | Q56: 142 | R56: 383 | S56: 0.79 | T56: 1 | U56: 5 | V56: 95 | W56: 0
A57: Cereales | B57: Galletas, Melvas con chocolate, Delipan | D57: Cookie, sweet, Melvas Type, Delipan | E57: 519.48 | F57: 6.66 | G57: 26.64 | H57: 63.27 | J57: 16.65 | K57: 8.33 | L57: 3.33 | M57: 36.63 | P57: 0.03 | R57: 49.95
A58: Cereales | B58: Galletas, orejas tradicionales, Delipan | D58: Cookie, sweet, Oejas Type, traditional, Delipan | E58: 519.48 | F58: 6.66 | G58: 26.64 | H58: 63.27 | J58: 13.32 | K58: 9.99 | L58: 3.33 | M58: 29.97 | R58: 299.7
A59: Cereales | B59: Galletas, oreo, Nabisco | D59: Cookies, oreo, Nabisco | E59: 493.54 | F59: 4.78 | G59: 21.5 | H59: 70.23 | I59: 3.2 | J59: 4.14 | K59: 3.17 | L59: 0.82 | N59: 24 | O59: 103 | P59: 4.9 | Q59: 194 | R59: 528 | S59: 1.23 | U59: 3 | V59: 30 | W59: 0.02
A60: Cereales | B60: Galletas, original, con sal, Club Social | D60: Cookies, original, with salt, Club Social | E60: 446.15 | F60: 7.69 | G60: 15.38 | H60: 69.23 | J60: 5.77 | K60: 7.69 | L60: 0 | M60: 0 | R60: 769.23
A61: Cereales | B61: Galletas, original, con sal, Ducales | D61: Cookies, original, with salt, Ducales | E61: 477.78 | F61: 7.41 | G61: 18.52 | H61: 70.37 | I61: 0 | J61: 7.41 | K61: 7.41 | L61: 1.85 | M61: 0 | R61: 666.67
A62: Cereales | B62: Galletas, original, con sal, Salticas Mini | D62: Cookies, original, with salt, Salticas Mini | E62: 486.67 | F62: 10 | G62: 20 | H62: 66.67 | J62: 8.33 | K62: 8.33 | L62: 1.67 | M62: 0 | R62: 800
A63: Cereales | B63: Galletas, tipo tango, promedio | D63: Cookie, sweet, TangoType, average | E63: 484 | F63: 4 | G63: 20 | H63: 72 | I63: 4 | J63: 12 | M63: 0 | R63: 160
A64: Cereales | B64: Granola, en barra, Quinde | D64: Granola, bar, Quinde | E64: 476.2 | F64: 10.1 | G64: 19.8 | H64: 64.4 | I64: 5.3 | J64: 2.37 | K64: 4.38 | L64: 12.05 | M64: 0 | N64: 61 | O64: 277 | P64: 2.95 | Q64: 336 | R64: 294 | S64: 2.03 | T64: 0.9 | U64: 2 | V64: 23 | W64: 0
A65: Cereales | B65: Harina de amaranto, Camari | D65: Amaranth flour, Camari | E65: 390.1 | F65: 12 | G65: 6.1 | H65: 71.8 | I65: 3.5 | O65: 530 | P65: 0
A66: Cereales | B66: Harina de cauca, de maíz blanco pilado, enriquecida | D66: Cauca flour, maiz flour, enriched | E66: 359.49 | F66: 8.48 | G66: 1.65 | H66: 77.68 | I66: 7.4 | J66: 0.22 | K66: 0.41 | L66: 0.71 | M66: 0 | N66: 5 | O66: 84 | P66: 4.13 | R66: 3 | S66: 0.72 | T66: 0 | U66: 0 | V66: 363 | W66: 0
A67: Cereales | B67: Harina de cebada, machica | D67: Barley flour | E67: 377.32 | F67: 9.09 | G67: 1.52 | H67: 81.82 | I67: 9.1 | J67: 0 | M67: 0 | N67: 27 | P67: 0.03 | Q67: 327 | R67: 0 | W67: 0
A68: Cereales | B68: Harina de centeno | D68: Rye flour | E68: 363.45 | F68: 9.39 | G68: 1.77 | H68: 77.49 | I68: 14.6 | J68: 0.2 | K68: 0.21 | L68: 0.77 | M68: 0 | N68: 24 | O68: 207 | P68: 2.12 | Q68: 340 | R68: 3 | S68: 1.99 | T68: 0 | U68: 0 | V68: 19 | W68: 0
A69: Cereales | B69: Harina de maíz, morada, negro/ azul | D69: Maiz flour, purple, black/blue | E69: 364.6 | F69: 7.3 | G69: 3.4 | H69: 76.2 | N69: 12 | O69: 328 | P69: 0.2 | T69: 2.1 | U69: 8
A70: Cereales | B70: Harina de maíz, promedio, Maizabrosa | D70: Maiz flour, average, Maizabrosa | E70: 360.1 | F70: 8.5 | G70: 1.7 | H70: 77.7 | I70: 7.4 | N70: 110 | O70: 84 | P70: 2.9 | Q70: 162 | R70: 3 | S70: 0.7 | T70: 0 | U70: 662 | W70: 0
A71: Cereales | B71: Harina de trigo, integral | D71: Wheat flour, whole-grain | E71: 358.9 | F71: 13.8 | G71: 2.1 | H71: 71.2 | I71: 11.4 | J71: 0.4 | K71: 0.3 | L71: 1.1 | M71: 0 | N71: 48 | O71: 390 | P71: 4 | Q71: 500 | R71: 3 | S71: 3.4 | T71: 0 | U71: 0 | V71: 49 | W71: 0
A72: Cereales | B72: Harina de trigo, refinada, fortificada | D72: Wheat flour, white, enriched | E72: 355.38 | F72: 10.33 | G72: 0.98 | H72: 76.31 | I72: 2.7 | J72: 0.16 | K72: 0.09 | L72: 0.41 | M72: 0 | N72: 15 | O72: 108 | P72: 4.64 | Q72: 107 | R72: 2 | S72: 0.7 | T72: 0 | U72: 0 | V72: 291 | W72: 0
A73: Cereales | B73: Humitas de sal, Valle Lojano | D73: Salt Humitas, Valle lojano | E73: 256 | F73: 4.67 | G73: 13.33 | H73: 29.33 | I73: 0 | J73: 4.67 | M73: 58.67
A74: Cereales | B74: Maicena, almidón de maíz | D74: Cornstarch | E74: 346.6 | F74: 0.6 | G74: 0.2 | H74: 85.6 | I74: 0.9 | J74: 0.01 | K74: 0.02 | L74: 0.03 | M74: 0 | N74: 8 | O74: 16 | Q74: 3 | R74: 9 | S74: 0.06 | T74: 0 | U74: 0 | V74: 0 | W74: 0
A75: Cereales | B75: Maíz amarillo, crudo | D75: Maiz, yellow, raw | E75: 377.38 | F75: 9.42 | G75: 4.74 | H75: 74.26 | I75: 7.3 | J75: 0.67 | K75: 1.25 | L75: 2.16 | M75: 0 | N75: 7 | O75: 210 | P75: 2.71 | Q75: 287 | R75: 35 | S75: 2.21 | T75: 0 | U75: 11 | V75: 19 | W75: 0
A76: Cereales | B76: Maíz amarillo, tipo chulpi | D76: Maiz, yellow corn, chulpi type | E76: 366.4 | F76: 7.7 | G76: 5.2 | H76: 72.2 | N76: 5 | O76: 14 | P76: 2.5 | T76: 2 | U76: 7 | V76: 310
A77: Cereales | B77: Maíz amarillo, tostado | D77: Maiz, yellow, toasted | E77: 468.32 | M77: 0 | N77: 0 | P77: 1.2 | R77: 600 | T77: 0 | U77: 0
A78: Cereales | B78: Maíz blanco, grano pilado o trillado, morocho, crudo | D78: Maiz, white, threshed, raw | E78: 303.3 | F78: 8.7 | G78: 0.9 | H78: 65.1 | N78: 4 | O78: 71 | P78: 2 | T78: 0 | U78: 0
A79: Cereales | B79: Maíz blanco, tipo mote, sin pelar | D79: Maiz, white, mote type, unpeeled | E79: 351.1 | F79: 5.7 | G79: 1.5 | H79: 78.7 | N79: 9 | O79: 166 | P79: 4.4 | T79: 2.1 | U79: 0
A80: Cereales | B80: Maíz canguil, dulce, de caramelo | D80: Popcorn, sweet, caramel flavour | E80: 420.29 | F80: 3.12 | G80: 7.81 | H80: 84.38 | I80: 3.01 | J80: 4.69 | M80: 16 | N80: 62 | P80: 2.25 | Q80: 452 | R80: 281 | T80: 0 | U80: 93.6
A81: Cereales | B81: Maíz canguil, con sal y aceite, Palomitas de maíz | D81: Popcorn, air-popped, with salt and oil | E81: 517.7 | F81: 9 | G81: 28.1 | H81: 57.2 | I81: 10 | J81: 4.89 | K81: 8.17 | L81: 13.42 | M81: 0 | N81: 10 | O81: 250 | P81: 2.78 | Q81: 225 | R81: 884 | S81: 2.64 | T81: 0 | U81: 1 | V81: 17 | W81: 0
A82: Cereales | B82: Maíz tostado, con chicharron, Kikos | D82: Toasted corn, with chicharron, Kikos | E82: 503.33 | F82: 23.33 | G82: 23.33 | H82: 50 | J82: 3.33 | K82: 13.33 | L82: 3.33 | M82: 86.67
A83: Cereales | B83: Maíz y trigo, tortilla | D83: Maiz, corn and wheat, tortilla | E83: 197.56 | F83: 4.88 | G83: 2.44 | H83: 39.02 | I83: 2.4 | J83: 0 | M83: 0 | N83: 49 | P83: 0.88 | R83: 220 | T83: 0 | U83: 0
A84: Cereales | B84: Maíz, negro/azul, grano entero, crudo | D84: Maiz, black beans, whole grain, raw | E84: 377.38 | F84: 9.42 | G84: 4.74 | H84: 74.26 | J84: 0.67 | K84: 1.25 | L84: 2.16 | M84: 0 | N84: 7 | O84: 210 | P84: 2.71 | Q84: 287 | R84: 35 | S84: 2.21 | T84: 0 | U84: 0 | W84: 0
A85: Cereales | B85: Maíz, tipo canguil, crudo | D85: Maiz, popcorn, raw | E85: 403.74 | F85: 12.94 | G85: 4.54 | H85: 77.78 | I85: 14.5 | J85: 0.64 | K85: 0.95 | L85: 2.32 | M85: 0 | N85: 7 | O85: 358 | P85: 3.19 | Q85: 329 | R85: 8 | S85: 3.08 | T85: 0 | U85: 10 | V85: 31 | W85: 0
A86: Cereales | B86: Maíz, tipo chulpi, picante, Las popis | D86: Maiz, chulpi type, spicy chulpi corn, Las popis | E86: 506.67 | F86: 10 | G86: 26.67 | H86: 56.67 | I86: 3.33 | J86: 6.67 | K86: 10 | L86: 10 | R86: 566.67
A87: Cereales | B87: Maíz, tipo chulpi, sabor ají criollo, Dicorne | D87: Maiz, chulpi type, spicy corn flavour, Dicorne | E87: 470 | F87: 10 | G87: 16.67 | H87: 70 | J87: 3.33 | K87: 6.67 | L87: 8.33 | M87: 0 | R87: 500
A88: Cereales | B88: Maíz, tipo tostado, picante, La Quiteña | D88: Maiz, tostado type, spicy roasted corn, La Quiteña | E88: 486.67 | F88: 6.67 | G88: 20 | H88: 70 | I88: 0 | J88: 5 | K88: 6.67 | L88: 6.67 | M88: 0 | R88: 416.67
A89: Cereales | B89: Maíz, tortilla de maíz amarillo, asada | D89: Maiz, yellow corn, tortilla, roasted | E89: 143.8 | F89: 2.7 | G89: 0.6 | H89: 31.9 | N89: 26 | O89: 17 | P89: 1
A90: Cereales | B90: Maíz, tortillas de maíz, artesanales, Taconazo | D90: Maiz, corn tortillas, handmade, Taconazo | E90: 256.67 | F90: 6.67 | G90: 3.33 | H90: 50 | J90: 0 | K90: 0 | L90: 0 | R90: 0
A91: Cereales | B91: Mote pillo, maíz blanco cocido, huevo, frito, comercialmente preparado, con sal | D91: Mote pillo, cooked white maize, scrambled eggs, salt, fried, commercially prepared | E91: 157.15 | F91: 2.35 | G91: 7.31 | H91: 20.49 | N91: 9 | O91: 66 | P91: 0.7 | Q91: 60 | R91: 264 | S91: 0.44
A92: Cereales | B92: Mote sucio, maíz blanco cocido, manteca negra de cerdo, chicharrón, frito, comercialmente preparado | D92: Mote sucio, cooked white maize, black lard, pork cracklings, fried, commercially prepared | E92: 157.54 | G92: 7.18 | H92: 23.23 | N92: 26 | O92: 233 | P92: 1.93 | Q92: 304 | R92: 720 | S92: 1.59
A93: Cereales | B93: Pan de centeno, tostado | D93: Bread, rye, toasted | E93: 282.4 | F93: 9.4 | G93: 3.6 | H93: 53.1 | I93: 6.4 | J93: 0.69 | K93: 1.44 | L93: 0.87 | M93: 0 | N93: 80 | O93: 138 | P93: 3.1 | Q93: 183 | R93: 664 | S93: 1.25 | T93: 0.2 | U93: 0 | V93: 148 | W93: 0
A94: Cereales | B94: Pan, blanco, rodaja, cuadrado, suave, Supan | D94: Bread, white, slice, soft, Supan | E94: 262.61 | F94: 7.64 | G94: 3.29 | H94: 50.61 | I94: 2.4 | J94: 0.72 | K94: 0.68 | L94: 1.36 | M94: 0 | N94: 151 | O94: 99 | P94: 3.74 | Q94: 100 | R94: 681 | S94: 0.74 | T94: 0 | U94: 0 | V94: 171 | W94: 0
A95: Cereales | B95: Pan, blanco, rodaja, cuadrado, tostado, Supan | D95: Bread, white, slice, toasted, Supan | E95: 289.6 | F95: 9 | G95: 4 | H95: 54.4 | I95: 2.5 | J95: 0.58 | K95: 0.8 | L95: 2.09 | M95: 1 | N95: 119 | O95: 103 | P95: 3.33 | Q95: 1.31 | R95: 592 | S95: 0.68 | T95: 0 | U95: 0 | V95: 159 | W95: 0.02
A96: Cereales | B96: Pan, blanco, tipo pita | D96: Bread, pita, white, enriched | E96: 270 | F96: 9.1 | G96: 1.2 | H96: 55.7 | I96: 2.2 | J96: 0.17 | K96: 0.1 | L96: 0.54 | M96: 0 | N96: 86 | O96: 97 | P96: 1.4 | Q96: 120 | R96: 536 | S96: 0.84 | T96: 0 | U96: 0 | V96: 24 | W96: 0
A97: Cereales | B97: Pan, de bizcocho, horneado, comercialmente preparado | D97: Bread, biscuit, baked, commercially prepared | E97: 345.7 | F97: 7.5 | G97: 6.5 | H97: 64.3 | N97: 7 | O97: 54 | P97: 1.79 | Q97: 84 | R97: 387 | S97: 0.69
A98: Cereales | B98: Pan, de cachos, horneado, comercialmente preparado | D98: Bread, croissant, baked, commercially prepared | E98: 332 | F98: 9.5 | G98: 6.8 | H98: 58.2 | N98: 7 | O98: 18 | P98: 1.57 | Q98: 57 | R98: 298 | S98: 0.61
A99: Cereales | B99: Pan, de caracol, dulce, horneado, comercialmente preparado | D99: Bread, snail, sweet, baked, commercially prepared | E99: 310.2 | F99: 7.1 | G99: 5.8 | H99: 57.4 | N99: 16 | O99: 77 | P99: 2.7 | Q99: 79 | R99: 47 | S99: 0.64
A100: Cereales | B100: Pan, de centeno | D100: Bread, rye | E100: 256.7 | F100: 9.2 | G100: 0.7 | H100: 53.4 | I100: 5.8 | J100: 0.63 | K100: 1.31 | L100: 0.8 | M100: 0 | N100: 38 | O100: 178 | P100: 2.8 | Q100: 166 | R100: 660 | S100: 1.14 | T100: 0 | U100: 0 | V100: 151 | W100: 0
A101: Cereales | B101: Pan, de chocolate, horneado, comercialmente preparado | D101: Bread, chocolate, baked, commercially prepared | E101: 327.4 | F101: 8.8 | G101: 5.8 | H101: 60 | N101: 67 | O101: 89 | P101: 1.02 | Q101: 66 | R101: 384 | S101: 0.93
...

Sheet DIETA
A1: Grupo | B1: Alimento | C1: Nombre en Inglés | D1: Gramos | E1: Energía calculada (Kcal) | F1: Proteína (g) | G1: Grasa total (g) | H1: Carbohidratos (g) | I1: Fibra (g) | J1: AGS (g) | K1: AGM (g) | L1: AGPI (g) | M1: Colesterol (mg) | N1: Calcio (mg) | O1: Fósforo (mg) | P1: Ratio (Fos/Prot) | Q1: Hierro (mg) | R1: Potasio (mg) | S1: Sodio (mg) | T1: Zinc (mg) | U1: Vitamina C (mg) | V1: Vitamina A (µg ERE) | W1: Folatos (µg) | X1: Vitamina B12 (µg)
A3: Cereales | B3: Amaranto, grano seco | C3: Amaranth, grain, dry, uncooked | D3: 100 | E3: =$D3*TCA!E3/100 -> 381.07 | F3: =$D3*TCA!F3/100 -> 14.45 | G3: =$D3*TCA!G3/100 -> 6.51 | H3: =$D3*TCA!H3/100 -> 66.17 | I3: =$D3*TCA!I3/100 -> 9.3 | J3: =$D3*TCA!J3/100 -> 1.66 | K3: =$D3*TCA!K3/100 -> 1.43 | L3: =$D3*TCA!L3/100 -> 2.89 | ... O3: =$D3*TCA!O3/100 -> 455 | P3: =O3/F3 -> 31.487889 | Q3: =$D3*TCA!P3/100 -> 7.59 | R3: =$D3*TCA!Q3/100 -> 366 | S3: =$D3*TCA!R3/100 -> 21 | T3: =$D3*TCA!S3/100 -> 3.18 | U3: =$D3*TCA!T3/100 -> 4 | V3: =$D3*TCA!U3/100 -> 0 | W3: =$D3*TCA!V3/100 -> 49 | X3: =$D3*TCA!W3/100 -> 0
A4: Cereales | B4: Arroz blanco grano largo, cocido | C4: Rice, white, long-grain, unenriched, cooked, with salt | D4: 100 | E4: =$D4*TCA!E4/100 -> 125.96 | F4: =$D4*TCA!F4/100 -> 2.69 | G4: =$D4*TCA!G4/100 -> 0.28 | H4: =$D4*TCA!H4/100 -> 28.17 | I4: =$D4*TCA!I4/100 -> 0.4 | J4: =$D4*TCA!J4/100 -> 0.08 | K4: =$D4*TCA!K4/100 -> 0.09 | L4: =$D4*TCA!L4/100 -> 0.08 | ... O4: =$D4*TCA!O4/100 -> 43 | P4: =O4/F4 -> 15.98513 | Q4: =$D4*TCA!P4/100 -> 0.2 | R4: =$D4*TCA!Q4/100 -> 35 | S4: =$D4*TCA!R4/100 -> 382 | T4: =$D4*TCA!S4/100 -> 0.49 | U4: =$D4*TCA!T4/100 -> 0 | V4: =$D4*TCA!U4/100 -> 0 | W4: =$D4*TCA!V4/100 -> 3 | X4: =$D4*TCA!W4/100 -> 0
A5: Cereales | B5: Arroz blanco, grano corto | C5: Rice, white, short-grain, unenriched, raw | D5: 100 | E5: =$D5*TCA!E5/100 -> 347.28 | F5: =$D5*TCA!F5/100 -> 6.5 | G5: =$D5*TCA!G5/100 -> 0.52 | H5: =$D5*TCA!H5/100 -> 79.15 | I5: =$D5*TCA!I5/100 -> 0 | J5: =$D5*TCA!J5/100 -> 0.14 | K5: =$D5*TCA!K5/100 -> 0.16 | L5: =$D5*TCA!L5/100 -> 0.14 | ... O5: =$D5*TCA!O5/100 -> 95 | P5: =O5/F5 -> 14.615385 | Q5: =$D5*TCA!P5/100 -> 0.8 | R5: =$D5*TCA!Q5/100 -> 76 | S5: =$D5*TCA!R5/100 -> 1 | T5: =$D5*TCA!S5/100 -> 1.1 | U5: =$D5*TCA!T5/100 -> 0 | V5: =$D5*TCA!U5/100 -> 0 | W5: =$D5*TCA!V5/100 -> 6 | X5: =$D5*TCA!W5/100 -> 0
A6: Cereales | B6: Arroz blanco, grano corto, cocido | C6: Rice, white, short-grain, unenriched, cooked | D6: 100 | E6: =$D6*TCA!E6/100 -> 126.07 | F6: =$D6*TCA!F6/100 -> 2.36 | G6: =$D6*TCA!G6/100 -> 0.19 | H6: =$D6*TCA!H6/100 -> 28.73 | I6: =$D6*TCA!I6/100 -> 0 | J6: =$D6*TCA!J6/100 -> 0.05 | K6: =$D6*TCA!K6/100 -> 0.06 | L6: =$D6*TCA!L6/100 -> 0.05 | ... O6: =$D6*TCA!O6/100 -> 33 | P6: =O6/F6 -> 13.983051 | Q6: =$D6*TCA!P6/100 -> 0.2 | R6: =$D6*TCA!Q6/100 -> 26 | S6: =$D6*TCA!R6/100 -> 0 | T6: =$D6*TCA!S6/100 -> 0.4 | U6: =$D6*TCA!T6/100 -> 0 | V6: =$D6*TCA!U6/100 -> 0 | W6: =$D6*TCA!V6/100 -> 2 | X6: =$D6*TCA!W6/100 -> 0
A7: Cereales | B7: Arroz blanco, grano largo crudo | C7: Rice, white, long-grain, raw, unenriched | D7: 100 | E7: =$D7*TCA!E7/100 -> 354.26 | F7: =$D7*TCA!F7/100 -> 7.13 | G7: =$D7*TCA!G7/100 -> 0.66 | H7: =$D7*TCA!H7/100 -> 79.95 | I7: =$D7*TCA!I7/100 -> 1.3 | J7: =$D7*TCA!J7/100 -> 0.18 | K7: =$D7*TCA!K7/100 -> 0.21 | L7: =$D7*TCA!L7/100 -> 0.18 | ... O7: =$D7*TCA!O7/100 -> 115 | P7: =O7/F7 -> 16.129032 | Q7: =$D7*TCA!P7/100 -> 0.8 | R7: =$D7*TCA!Q7/100 -> 115 | S7: =$D7*TCA!R7/100 -> 5 | T7: =$D7*TCA!S7/100 -> 1.09 | U7: =$D7*TCA!T7/100 -> 0 | V7: =$D7*TCA!U7/100 -> 0 | W7: =$D7*TCA!V7/100 -> 8 | X7: =$D7*TCA!W7/100 -> 0
A8: Cereales | B8: Arroz blanco, grano largo, parbolizado, cocido | C8: Rice, white, long-grain, parabolized, unenriched, cooked | D8: 100 | E8: =$D8*TCA!E8/100 -> 119.17 | F8: =$D8*TCA!F8/100 -> 2.91 | G8: =$D8*TCA!G8/100 -> 0.37 | H8: =$D8*TCA!H8/100 -> 26.05 | I8: =$D8*TCA!I8/100 -> 0.9 | J8: =$D8*TCA!J8/100 -> 0.07 | K8: =$D8*TCA!K8/100 -> 0.07 | L8: =$D8*TCA!L8/100 -> 0.09 | ... O8: =$D8*TCA!O8/100 -> 55 | P8: =O8/F8 -> 18.900344 | Q8: =$D8*TCA!P8/100 -> 0.24 | R8: =$D8*TCA!Q8/100 -> 56 | S8: =$D8*TCA!R8/100 -> 2 | T8: =$D8*TCA!S8/100 -> 0.37 | U8: =$D8*TCA!T8/100 -> 0 | V8: =$D8*TCA!U8/100 -> 0 | W8: =$D8*TCA!V8/100 -> 3 | X8: =$D8*TCA!W8/100 -> 0
A9: Cereales | B9: Arroz blanco, grano largo, parbolizado, crudo | C9: Rice, white, long-grain, parabolized, unenriched, dry | D9: 100 | E9: =$D9*TCA!E9/100 -> 362.87 | F9: =$D9*TCA!F9/100 -> 7.51 | G9: =$D9*TCA!G9/100 -> 1.03 | H9: =$D9*TCA!H9/100 -> 80.89 | I9: =$D9*TCA!I9/100 -> 1.8 | J9: =$D9*TCA!J9/100 -> 0.29 | K9: =$D9*TCA!K9/100 -> 0.26 | L9: =$D9*TCA!L9/100 -> 0.32 | ... O9: =$D9*TCA!O9/100 -> 153 | P9: =O9/F9 -> 20.372836 | Q9: =$D9*TCA!P9/100 -> 0.74 | R9: =$D9*TCA!Q9/100 -> 174 | S9: =$D9*TCA!R9/100 -> 2 | T9: =$D9*TCA!S9/100 -> 1.02 | U9: =$D9*TCA!T9/100 -> 0 | V9: =$D9*TCA!U9/100 -> 0 | W9: =$D9*TCA!V9/100 -> 8 | X9: =$D9*TCA!W9/100 -> 0
A10: Cereales | B10: Arroz blanco, grano medio, cocido | C10: Rice, white, medium-grain, unenriched, cooked | D10: 100 | E10: =$D10*TCA!E10/100 -> 125.77 | F10: =$D10*TCA!F10/100 -> 2.38 | G10: =$D10*TCA!G10/100 -> 0.21 | H10: =$D10*TCA!H10/100 -> 28.59 | I10: =$D10*TCA!I10/100 -> 0 | J10: =$D10*TCA!J10/100 -> 0.06 | K10: =$D10*TCA!K10/100 -> 0.07 | L10: =$D10*TCA!L10/100 -> 0.06 | ... O10: =$D10*TCA!O10/100 -> 37 | P10: =O10/F10 -> 15.546218 | Q10: =$D10*TCA!P10/100 -> 0.2 | R10: =$D10*TCA!Q10/100 -> 29 | S10: =$D10*TCA!R10/100 -> 0 | T10: =$D10*TCA!S10/100 -> 0.42 | U10: =$D10*TCA!T10/100 -> 0 | V10: =$D10*TCA!U10/100 -> 0 | W10: =$D10*TCA!V10/100 -> 2 | X10: =$D10*TCA!W10/100 -> 0
A11: Cereales | B11: Arroz blanco, grano medio, crudo | C11: Rice, white, medium-grain, unenriched, raw | D11: 100 | E11: =$D11*TCA!E11/100 -> 349.02 | F11: =$D11*TCA!F11/100 -> 6.61 | G11: =$D11*TCA!G11/100 -> 0.58 | H11: =$D11*TCA!H11/100 -> 79.34 | I11: =$D11*TCA!I11/100 -> 0 | J11: =$D11*TCA!J11/100 -> 0.16 | K11: =$D11*TCA!K11/100 -> 0.18 | L11: =$D11*TCA!L11/100 -> 0.16 | ... O11: =$D11*TCA!O11/100 -> 108 | P11: =O11/F11 -> 16.33888 | Q11: =$D11*TCA!P11/100 -> 0.8 | R11: =$D11*TCA!Q11/100 -> 86 | S11: =$D11*TCA!R11/100 -> 1 | T11: =$D11*TCA!S11/100 -> 1.16 | U11: =$D11*TCA!T11/100 -> 0 | V11: =$D11*TCA!U11/100 -> 0 | W11: =$D11*TCA!V11/100 -> 9 | X11: =$D11*TCA!W11/100 -> 0
A12: Cereales | B12: Arroz blanco, pulido, enriquecido,precocido | C12: Rice, white, long-grain, precooked, enriched, dry | D12: 100 | E12: =$D12*TCA!E12/100 -> 369.02 | F12: =$D12*TCA!F12/100 -> 7.82 | G12: =$D12*TCA!G12/100 -> 0.94 | H12: =$D12*TCA!H12/100 -> 82.32 | I12: =$D12*TCA!I12/100 -> 1.9 | J12: =$D12*TCA!J12/100 -> 0.15 | K12: =$D12*TCA!K12/100 -> 0.14 | L12: =$D12*TCA!L12/100 -> 0.22 | ... O12: =$D12*TCA!O12/100 -> 118 | P12: =O12/F12 -> 15.089514 | Q12: =$D12*TCA!P12/100 -> 6.3 | R12: =$D12*TCA!Q12/100 -> 27 | S12: =$D12*TCA!R12/100 -> 10 | T12: =$D12*TCA!S12/100 -> 1.43 | U12: =$D12*TCA!T12/100 -> 0 | V12: =$D12*TCA!U12/100 -> 0 | W12: =$D12*TCA!V12/100 -> 466 | X12: =$D12*TCA!W12/100 -> 0
A13: Cereales | B13: Arroz integral, grano largo cocido | C13: Rice, brown, long-grain, cooked | D13: 100 | E13: =$D13*TCA!E13/100 -> 122.01 | F13: =$D13*TCA!F13/100 -> 2.74 | G13: =$D13*TCA!G13/100 -> 0.97 | H13: =$D13*TCA!H13/100 -> 25.58 | I13: =$D13*TCA!I13/100 -> 1.6 | J13: =$D13*TCA!J13/100 -> 0.26 | K13: =$D13*TCA!K13/100 -> 0.37 | L13: =$D13*TCA!L13/100 -> 0.37 | ... O13: =$D13*TCA!O13/100 -> 103 | P13: =O13/F13 -> 37.591241 | Q13: =$D13*TCA!P13/100 -> 0.56 | R13: =$D13*TCA!Q13/100 -> 86 | S13: =$D13*TCA!R13/100 -> 4 | T13: =$D13*TCA!S13/100 -> 0.71 | U13: =$D13*TCA!T13/100 -> 0 | V13: =$D13*TCA!U13/100 -> 0 | W13: =$D13*TCA!V13/100 -> 9 | X13: =$D13*TCA!W13/100 -> 0
A14: Cereales | B14: Arroz integral, grano largo crudo | C14: Rice, brown, long-grain, raw | D14: 100 | E14: =$D14*TCA!E14/100 -> 363.96 | F14: =$D14*TCA!F14/100 -> 7.54 | G14: =$D14*TCA!G14/100 -> 3.2 | H14: =$D14*TCA!H14/100 -> 76.25 | I14: =$D14*TCA!I14/100 -> 3.6 | J14: =$D14*TCA!J14/100 -> 0.59 | K14: =$D14*TCA!K14/100 -> 1.05 | L14: =$D14*TCA!L14/100 -> 1 | ... O14: =$D14*TCA!O14/100 -> 311 | P14: =O14/F14 -> 41.246684 | Q14: =$D14*TCA!P14/100 -> 1.29 | R14: =$D14*TCA!Q14/100 -> 250 | S14: =$D14*TCA!R14/100 -> 5 | T14: =$D14*TCA!S14/100 -> 2.13 | U14: =$D14*TCA!T14/100 -> 0 | V14: =$D14*TCA!U14/100 -> 0 | W14: =$D14*TCA!V14/100 -> 23 | X14: =$D14*TCA!W14/100 -> 0
... A149: Cereales | B149: Trigo, sémola, harina gruesa, no enriquecida | C149: Semolina, wheat flour, unenriched | D149: 100 | E149: =$D149*TCA!E149/100 -> 351.49 | F149: =$D149*TCA!F149/100 -> 12.68 | G149: =$D149*TCA!G149/100 -> 1.05 | H149: =$D149*TCA!H149/100 -> 72.83 | I149: =$D149*TCA!I149/100 -> 3.9 | J149: =$D149*TCA!J149/100 -> 0.15 | K149: =$D149*TCA!K149/100 -> 0.12 | L149: =$D149*TCA!L149/100 -> 0.43 | ... O149: =$D149*TCA!O149/100 -> 136 | P149: =O149/F149 -> 10.725552 | Q149: =$D149*TCA!P149/100 -> 1.23 | R149: =$D149*TCA!Q149/100 -> 186 | S149: =$D149*TCA!R149/100 -> 1 | T149: =$D149*TCA!S149/100 -> 1.05 | U149: =$D149*TCA!T149/100 -> 0 | V149: =$D149*TCA!U149/100 -> 0 | W149: =$D149*TCA!V149/100 -> 72 | X149: =$D149*TCA!W149/100 -> 0
D150: 100
A151: Plátanos y tubérculos | B151: Achira, blanca, rizoma, raíz | C151: Achira, white, root | D151: 100 | E151: =$D151*TCA!E151/100 -> 101.7 | F151: =$D151*TCA!F151/100 -> 1.4 | G151: =$D151*TCA!G151/100 -> 0.1 | H151: =$D151*TCA!H151/100 -> 23.8 | I151: =$D151*TCA!I151/100 -> 0 | J151: =$D151*TCA!J151/100 -> 0 | K151: =$D151*TCA!K151/100 -> 0 | L151: =$D151*TCA!L151/100 -> 0 | ... O151: =$D151*TCA!O151/100 -> 58 | P151: =O151/F151 -> 41.428571 | Q151: =$D151*TCA!P151/100 -> 0.7 | R151: =$D151*TCA!Q151/100 -> 0 | S151: =$D151*TCA!R151/100 -> 0 | T151: =$D151*TCA!S151/100 -> 0 | U151: =$D151*TCA!T151/100 -> 0.7 | V151: =$D151*TCA!U151/100 -> 0 | W151: =$D151*TCA!V151/100 -> 0 | X151: =$D151*TCA!W151/100 -> 0
A152: Plátanos y tubérculos | B152: Achira, morada, rizoma, raíz | C152: Achira, purple, root | D152: 100 | E152: =$D152*TCA!E152/100 -> 99.3 | F152: =$D152*TCA!F152/100 -> 1.4 | G152: =$D152*TCA!G152/100 -> 0.1 | H152: =$D152*TCA!H152/100 -> 23.2 | I152: =$D152*TCA!I152/100 -> 0 | J152: =$D152*TCA!J152/100 -> 0 | K152: =$D152*TCA!K152/100 -> 0 | L152: =$D152*TCA!L152/100 -> 0 | ... O152: =$D152*TCA!O152/100 -> 91 | P152: =O152/F152 -> 65 | Q152: =$D152*TCA!P152/100 -> 1.4 | R152: =$D152*TCA!Q152/100 -> 0 | S152: =$D152*TCA!R152/100 -> 0 | T152: =$D152*TCA!S152/100 -> 0 | U152: =$D152*TCA!T152/100 -> 0.1 | V152: =$D152*TCA!U152/100 -> 0 | W152: =$D152*TCA!V152/100 -> 0 | X152: =$D152*TCA!W152/100 -> 0
A153: Plátanos y tubérculos | B153: Almidón, de achira, harina de flecha | C153: Starch Achira, Arrowroot flour | D153: 100 | E153: =$D153*TCA!E153/100 -> 354.7 | F153: =$D153*TCA!F153/100 -> 0.3 | G153: =$D153*TCA!G153/100 -> 0.1 | H153: =$D153*TCA!H153/100 -> 88.15 | I153: =$D153*TCA!I153/100 -> 3.4 | J153: =$D153*TCA!J153/100 -> 0.02 | K153: =$D153*TCA!K153/100 -> 0 | L153: =$D153*TCA!L153/100 -> 0.05 | ... O153: =$D153*TCA!O153/100 -> 5 | P153: =O153/F153 -> 16.666667 | Q153: =$D153*TCA!P153/100 -> 0.33 | R153: =$D153*TCA!Q153/100 -> 11 | S153: =$D153*TCA!R153/100 -> 2 | T153: =$D153*TCA!S153/100 -> 0.07 | U153: =$D153*TCA!T153/100 -> 0 | V153: =$D153*TCA!U153/100 -> 0 | W153: =$D153*TCA!V153/100 -> 7 | X153: =$D153*TCA!W153/100 -> 0
A154: Plátanos y tubérculos | B154: Almidón, de yuca o mandioca | C154: Cassava, flour | D154: 100 | E154: =$D154*TCA!E154/100 -> 335.3 | F154: =$D154*TCA!F154/100 -> 1.7 | G154: =$D154*TCA!G154/100 -> 0.5 | H154: =$D154*TCA!H154/100 -> 81 | I154: =$D154*TCA!I154/100 -> 0 | J154: =$D154*TCA!J154/100 -> 0 | K154: =$D154*TCA!K154/100 -> 0 | L154: =$D154*TCA!L154/100 -> 0 | ... O154: =$D154*TCA!O154/100 -> 104 | P154: =O154/F154 -> 61.176471 | Q154: =$D154*TCA!P154/100 -> 5.4 | R154: =$D154*TCA!Q154/100 -> 0 | S154: =$D154*TCA!R154/100 -> 0 | T154: =$D154*TCA!S154/100 -> 0 | U154: =$D154*TCA!T154/100 -> 14 | V154: =$D154*TCA!U154/100 -> 0 | W154: =$D154*TCA!V154/100 -> 0 | X154: =$D154*TCA!W154/100 -> 0
A155: Plátanos y tubérculos | B155: Camote, con cáscara, cocido | C155: Sweet potato, unpeeled, cooked | D155: 100 | E155: =$D155*TCA!E155/100 -> 77.62 | F155: =$D155*TCA!F155/100 -> 1.37 | G155: =$D155*TCA!G155/100 -> 0.14 | H155: =$D155*TCA!H155/100 -> 17.72 | I155: =$D155*TCA!I155/100 -> 2.5 | J155: =$D155*TCA!J155/100 -> 0.04 | K155: =$D155*TCA!K155/100 -> 0 | L155: =$D155*TCA!L155/100 -> 0.08 | ... O155: =$D155*TCA!O155/100 -> 32 | P155: =O155/F155 -> 23.357664 | Q155: =$D155*TCA!P155/100 -> 0.72 | R155: =$D155*TCA!Q155/100 -> 230 | S155: =$D155*TCA!R155/100 -> 27 | T155: =$D155*TCA!S155/100 -> 0.2 | U155: =$D155*TCA!T155/100 -> 13 | V155: =$D155*TCA!U155/100 -> 787 | W155: =$D155*TCA!V155/100 -> 6 | X155: =$D155*TCA!W155/100 -> 0
A156: Plátanos y tubérculos | B156: Camote, con cáscara, crudo | C156: Sweet potatoe, unpeeled, raw | D156: 100 | E156: =$D156*TCA!E156/100 -> 87.21 | F156: =$D156*TCA!F156/100 -> 1.57 | G156: =$D156*TCA!G156/100 -> 0.05 | H156: =$D156*TCA!H156/100 -> 20.12 | I156: =$D156*TCA!I156/100 -> 3 | J156: =$D156*TCA!J156/100 -> 0.02 | K156: =$D156*TCA!K156/100 -> 0 | L156: =$D156*TCA!L156/100 -> 0.01 | ... O156: =$D156*TCA!O156/100 -> 47 | P156: =O156/F156 -> 29.936306 | Q156: =$D156*TCA!P156/100 -> 0.61 | R156: =$D156*TCA!Q156/100 -> 337 | S156: =$D156*TCA!R156/100 -> 55 | T156: =$D156*TCA!S156/100 -> 0.3 | U156: =$D156*TCA!T156/100 -> 2 | V156: =$D156*TCA!U156/100 -> 709 | W156: =$D156*TCA!V156/100 -> 11 | X156: =$D156*TCA!W156/100 -> 0
A157: Plátanos y tubérculos | B157: Harina de camote, Vitavilena | C157: Sweet potato flour, Vitavilena | D157: 100 | E157: =$D157*TCA!E157/100 -> 333.33 | F157: =$D157*TCA!F157/100 -> 3.33 | G157: =$D157*TCA!G157/100 -> 0 | H157: =$D157*TCA!H157/100 -> 80 | I157: =$D157*TCA!I157/100 -> 0 | J157: =$D157*TCA!J157/100 -> 0 | K157: =$D157*TCA!K157/100 -> 0 | L157: =$D157*TCA!L157/100 -> 0 | ... O157: =$D157*TCA!O157/100 -> 0 | P157: =O157/F157 -> 0 | Q157: =$D157*TCA!P157/100 -> 0 | R157: =$D157*TCA!Q157/100 -> 0 | S157: =$D157*TCA!R157/100 -> 166.67 | T157: =$D157*TCA!S157/100 -> 0 | U157: =$D157*TCA!T157/100 -> 0 | V157: =$D157*TCA!U157/100 -> 0 | W157: =$D157*TCA!V157/100 -> 0 | X157: =$D157*TCA!W157/100 -> 0
A158: Plátanos y tubérculos | B158: Harina de plátano | C158: Banana flour | D158: 100 | E158: =$D158*TCA!E158/100 -> 334.4 | F158: =$D158*TCA!F158/100 -> 3.1 | G158: =$D158*TCA!G158/100 -> 0.4 | H158: =$D158*TCA!H158/100 -> 79.6 | I158: =$D158*TCA!I158/100 -> 9.9 | J158: =$D158*TCA!J158/100 -> 0.03 | K158: =$D158*TCA!K158/100 -> 0.02 | L158: =$D158*TCA!L158/100 -> 0.05 | ... O158: =$D158*TCA!O158/100 -> 104 | P158: =O158/F158 -> 33.548387 | Q158: =$D158*TCA!P158/100 -> 3.9 | R158: =$D158*TCA!Q158/100 -> 0 | S158: =$D158*TCA!R158/100 -> 0 | T158: =$D158*TCA!S158/100 -> 0.61 | U158: =$D158*TCA!T158/100 -> 1.3 | V158: =$D158*TCA!U158/100 -> 0 | W158: =$D158*TCA!V158/100 -> 0 | X158: =$D158*TCA!W158/100 -> 0
A159: Plátanos y tubérculos | B159: Mashua | C159: Mashua | D159: 100 | E159: =$D159*TCA!E159/100 -> 46.1 | F159: =$D159*TCA!F159/100 -> 0.7 | G159: =$D159*TCA!G159/100 -> 0.1 | H159: =$D159*TCA!H159/100 -> 10.6 | I159: =$D159*TCA!I159/100 -> 2.9 | J159: =$D159*TCA!J159/100 -> 0 | K159: =$D159*TCA!K159/100 -> 0 | L159: =$D159*TCA!L159/100 -> 0 | ... O159: =$D159*TCA!O159/100 -> 0 | P159: =O159/F159 -> 0 | Q159: =$D159*TCA!P159/100 -> 0.37 | R159: =$D159*TCA!Q159/100 -> 0 | S159: =$D159*TCA!R159/100 -> 0 | T159: =$D159*TCA!S159/100 -> 0.28 | U159: =$D159*TCA!T159/100 -> 42.06 | V159: =$D159*TCA!U159/100 -> 12 | W159: =$D159*TCA!V159/100 -> 0 | X159: =$D159*TCA!W159/100 -> 0
A160: Plátanos y tubérculos | B160: Ñame, yam, crudo | C160: Yam, raw | D160: 100 | E160: =$D160*TCA!E160/100 -> 119.17 | F160: =$D160*TCA!F160/100 -> 1.53 | G160: =$D160*TCA!G160/100 -> 0.17 | H160: =$D160*TCA!H160/100 -> 27.88 | I160: =$D160*TCA!I160/100 -> 4.1 | J160: =$D160*TCA!J160/100 -> 0.04 | K160: =$D160*TCA!K160/100 -> 0.01 | L160: =$D160*TCA!L160/100 -> 0.08 | ... O160: =$D160*TCA!O160/100 -> 55 | P160: =O160/F160 -> 35.947712 | Q160: =$D160*TCA!P160/100 -> 0.54 | R160: =$D160*TCA!Q160/100 -> 816 | S160: =$D160*TCA!R160/100 -> 9 | T160: =$D160*TCA!S160/100 -> 0.24 | U160: =$D160*TCA!T160/100 -> 17 | V160: =$D160*TCA!U160/100 -> 7 | W160: =$D160*TCA!V160/100 -> 23 | X160: =$D160*TCA!W160/100 -> 0
A161: Plátanos y tubérculos | B161: Ñame, yam, escurrido, cocido sin sal | C161: Yam, cooked, drained, without salt | D161: 100 | E161: =$D161*TCA!E161/100 -> 117.54 | F161: =$D161*TCA!F161/100 -> 1.49 | G161: =$D161*TCA!G161/100 -> 0.14 | H161: =$D161*TCA!H161/100 -> 27.58 | I161: =$D161*TCA!I161/100 -> 3.9 | J161: =$D161*TCA!J161/100 -> 0.03 | K161: =$D161*TCA!K161/100 -> 0 | L161: =$D161*TCA!L161/100 -> 0.06 | ... O161: =$D161*TCA!O161/100 -> 49 | P161: =O161/F161 -> 32.885906 | Q161: =$D161*TCA!P161/100 -> 0.52 | R161: =$D161*TCA!Q161/100 -> 670 | S161: =$D161*TCA!R161/100 -> 8 | T161: =$D161*TCA!S161/100 -> 0.2 | U161: =$D161*TCA!T161/100 -> 12 | V161: =$D161*TCA!U161/100 -> 6 | W161: =$D161*TCA!V161/100 -> 16 | X161: =$D161*TCA!W161/100 -> 0
A162: Plátanos y tubérculos | B162: Oca, sin cáscara | C162: Oca, peeled | D162: 100 | E162: =$D162*TCA!E162/100 -> 65.2 | F162: =$D162*TCA!F162/100 -> 0.7 | G162: =$D162*TCA!G162/100 -> 0 | H162: =$D162*TCA!H162/100 -> 15.6 | I162: =$D162*TCA!I162/100 -> 2.4 | J162: =$D162*TCA!J162/100 -> 0 | K162: =$D162*TCA!K162/100 -> 0 | L162: =$D162*TCA!L162/100 -> 0 | ... O162: =$D162*TCA!O162/100 -> 0 | P162: =O162/F162 -> 0 | Q162: =$D162*TCA!P162/100 -> 0.47 | R162: =$D162*TCA!Q162/100 -> 0 | S162: =$D162*TCA!R162/100 -> 0 | T162: =$D162*TCA!S162/100 -> 0.14 | U162: =$D162*TCA!T162/100 -> 23.92 | V162: =$D162*TCA!U162/100 -> 0 | W162: =$D162*TCA!V162/100 -> 0 | X162: =$D162*TCA!W162/100 -> 0
... A181: Plátanos y tubérculos | B181: Zanahoria, blanca, cruda | C181: Parsnips, raw | D181: 100 | E181: =$D181*TCA!E181/100 -> 79.46 | F181: =$D181*TCA!F181/100 -> 1.2 | G181: =$D181*TCA!G181/100 -> 0.3 | H181: =$D181*TCA!H181/100 -> 17.99 | I181: =$D181*TCA!I181/100 -> 4.9 | J181: =$D181*TCA!J181/100 -> 0.05 | K181: =$D181*TCA!K181/100 -> 0.11 | L181: =$D181*TCA!L181/100 -> 0.05 | ... O181: =$D181*TCA!O181/100 -> 71 | P181: =O181/F181 -> 59.166667 | Q181: =$D181*TCA!P181/100 -> 0.59 | R181: =$D181*TCA!Q181/100 -> 375 | S181: =$D181*TCA!R181/100 -> 10 | T181: =$D181*TCA!S181/100 -> 0.59 | U181: =$D181*TCA!T181/100 -> 17 | V181: =$D181*TCA!U181/100 -> 0 | W181: =$D181*TCA!V181/100 -> 67 | X181: =$D181*TCA!W181/100 -> 0
D182: 100
A183: Frutas | B183: Aguacate, sin cáscara, promedio | C183: Avocado, peeled, ordinary, alla varieties | D183: 100 | E183: =$D183*TCA!E183/100 -> 174.06 | F183: =$D183*TCA!F183/100 -> 2 | G183: =$D183*TCA!G183/100 -> 14.66 | H183: =$D183*TCA!H183/100 -> 8.53 | I183: =$D183*TCA!I183/100 -> 6.7 | J183: =$D183*TCA!J183/100 -> 2.13 | K183: =$D183*TCA!K183/100 -> 9.8 | L183: =$D183*TCA!L183/100 -> 1.82 | ... O183: =$D183*TCA!O183/100 -> 52 | P183: =O183/F183 -> 26 | Q183: =$D183*TCA!P183/100 -> 0.55 | R183: =$D183*TCA!Q183/100 -> 485 | S183: =$D183*TCA!R183/100 -> 7 | T183: =$D183*TCA!S183/100 -> 0.64 | U183: =$D183*TCA!T183/100 -> 10 | V183: =$D183*TCA!U183/100 -> 7 | W183: =$D183*TCA!V183/100 -> 81 | X183: =$D183*TCA!W183/100 -> 0
A184: Frutas | B184: Aguacate, verde, sin cáscara, serrano | C184: Avocado, green, peeled, raw | D184: 100 | E184: =$D184*TCA!E184/100 -> 130.74 | F184: =$D184*TCA!F184/100 -> 2.23 | G184: =$D184*TCA!G184/100 -> 10.06 | H184: =$D184*TCA!H184/100 -> 7.82 | I184: =$D184*TCA!I184/100 -> 5.6 | J184: =$D184*TCA!J184/100 -> 1.96 | K184: =$D184*TCA!K184/100 -> 5.51 | L184: =$D184*TCA!L184/100 -> 1.68 | ... O184: =$D184*TCA!O184/100 -> 40 | P184: =O184/F184 -> 17.93722 | Q184: =$D184*TCA!P184/100 -> 0.17 | R184: =$D184*TCA!Q184/100 -> 351 | S184: =$D184*TCA!R184/100 -> 2 | T184: =$D184*TCA!S184/100 -> 0.4 | U184: =$D184*TCA!T184/100 -> 17.4 | V184: =$D184*TCA!U184/100 -> 7 | W184: =$D184*TCA!V184/100 -> 35 | X184: =$D184*TCA!W184/100 -> 0
A185: Frutas | B185: Arándano, deshidratado, Natures Heart | C185: Blueberries, dehydrated, Natures Heart | D185: 100 | E185: =$D185*TCA!E185/100 -> 320 | F185: =$D185*TCA!F185/100 -> 0 | G185: =$D185*TCA!G185/100 -> 0 | H185: =$D185*TCA!H185/100 -> 80 | I185: =$D185*TCA!I185/100 -> 1.67 | J185: =$D185*TCA!J185/100 -> 0 | K185: =$D185*TCA!K185/100 -> 0 | L185: =$D185*TCA!L185/100 -> 0 | ... O185: =$D185*TCA!O185/100 -> 0 | P185: =O185/F185 -> #DIV/0! | Q185: =$D185*TCA!P185/100 -> 0 | R185: =$D185*TCA!Q185/100 -> 0 | S185: =$D185*TCA!R185/100 -> 100 | T185: =$D185*TCA!S185/100 -> 0 | U185: =$D185*TCA!T185/100 -> 0 | V185: =$D185*TCA!U185/100 -> 0 | W185: =$D185*TCA!V185/100 -> 0 | X185: =$D185*TCA!W185/100 -> 0
A186: Frutas | B186: Arándano, deshidratado, promedio | C186: Blueberries, dehydrated, average | D186: 100 | E186: =$D186*TCA!E186/100 -> 340 | F186: =$D186*TCA!F186/100 -> 0 | G186: =$D186*TCA!G186/100 -> 0 | H186: =$D186*TCA!H186/100 -> 85 | I186: =$D186*TCA!I186/100 -> 5 | J186: =$D186*TCA!J186/100 -> 0 | K186: =$D186*TCA!K186/100 -> 0 | L186: =$D186*TCA!L186/100 -> 0 | ... O186: =$D186*TCA!O186/100 -> 0 | P186: =O186/F186 -> #DIV/0! | Q186: =$D186*TCA!P186/100 -> 0 | R186: =$D186*TCA!Q186/100 -> 0 | S186: =$D186*TCA!R186/100 -> 0 | T186: =$D186*TCA!S186/100 -> 0 | U186: =$D186*TCA!T186/100 -> 0 | V186: =$D186*TCA!U186/100 -> 0 | W186: =$D186*TCA!V186/100 -> 0 | X186: =$D186*TCA!W186/100 -> 0
A187: Frutas | B187: Arazá, fresco | C187: Araza, fresh | D187: 100 | E187: =$D187*TCA!E187/100 -> 36.7 | F187: =$D187*TCA!F187/100 -> 1.1 | G187: =$D187*TCA!G187/100 -> 1.1 | H187: =$D187*TCA!H187/100 -> 5.6 | I187: =$D187*TCA!I187/100 -> 0.9 | J187: =$D187*TCA!J187/100 -> 0 | K187: =$D187*TCA!K187/100 -> 0 | L187: =$D187*TCA!L187/100 -> 0 | ... O187: =$D187*TCA!O187/100 -> 0 | P187: =O187/F187 -> 0 | Q187: =$D187*TCA!P187/100 -> 0.8 | R187: =$D187*TCA!Q187/100 -> 222 | S187: =$D187*TCA!R187/100 -> 28 | T187: =$D187*TCA!S187/100 -> 0.4 | U187: =$D187*TCA!T187/100 -> 0 | V187: =$D187*TCA!U187/100 -> 0 | W187: =$D187*TCA!V187/100 -> 0 | X187: =$D187*TCA!W187/100 -> 0
A188: Frutas | B188: Babaco, maduro, pulpa | C188: Babaco, ripe, pulp | D188: 100 | E188: =$D188*TCA!E188/100 -> 31.4 | F188: =$D188*TCA!F188/100 -> 0.9 | G188: =$D188*TCA!G188/100 -> 0.2 | H188: =$D188*TCA!H188/100 -> 6.5 | I188: =$D188*TCA!I188/100 -> 0.5 | J188: =$D188*TCA!J188/100 -> 0 | K188: =$D188*TCA!K188/100 -> 0 | L188: =$D188*TCA!L188/100 -> 0 | ... O188: =$D188*TCA!O188/100 -> 14 | P188: =O188/F188 -> 15.555556 | Q188: =$D188*TCA!P188/100 -> 0.7 | R188: =$D188*TCA!Q188/100 -> 223 | S188: =$D188*TCA!R188/100 -> 10 | T188: =$D188*TCA!S188/100 -> 0.1 | U188: =$D188*TCA!T188/100 -> 0 | V188: =$D188*TCA!U188/100 -> 12 | W188: =$D188*TCA!V188/100 -> 0 | X188: =$D188*TCA!W188/100 -> 0
A189: Frutas | B189: Badea, tumbo costeño, fresca | C189: Badea, tumbo costeño, fresh | D189: 100 | E189: =$D189*TCA!E189/100 -> 21.8 | F189: =$D189*TCA!F189/100 -> 0.7 | G189: =$D189*TCA!G189/100 -> 0.2 | H189: =$D189*TCA!H189/100 -> 4.3 | I189: =$D189*TCA!I189/100 -> 0 | J189: =$D189*TCA!J189/100 -> 0 | K189: =$D189*TCA!K189/100 -> 0 | L189: =$D189*TCA!L189/100 -> 0 | ... O189: =$D189*TCA!O189/100 -> 17 | P189: =O189/F189 -> 24.285714 | Q189: =$D189*TCA!P189/100 -> 0.8 | R189: =$D189*TCA!Q189/100 -> 0 | S189: =$D189*TCA!R189/100 -> 0 | T189: =$D189*TCA!S189/100 -> 0 | U189: =$D189*TCA!T189/100 -> 15 | V189: =$D189*TCA!U189/100 -> 7 | W189: =$D189*TCA!V189/100 -> 0 | X189: =$D189*TCA!W189/100 -> 0
A190: Frutas | B190: Banano, guineo manzano, odatil, orito | C190: Banana, small, sweet, raw | D190: 100 | E190: =$D190*TCA!E190/100 -> 115.8 | F190: =$D190*TCA!F190/100 -> 1.1 | G190: =$D190*TCA!G190/100 -> 0.2 | H190: =$D190*TCA!H190/100 -> 27.4 | I190: =$D190*TCA!I190/100 -> 0 | J190: =$D190*TCA!J190/100 -> 0 | K190: =$D190*TCA!K190/100 -> 0 | L190: =$D190*TCA!L190/100 -> 0 | ... O190: =$D190*TCA!O190/100 -> 24 | P190: =O190/F190 -> 21.818182 | Q190: =$D190*TCA!P190/100 -> 0.6 | R190: =$D190*TCA!Q190/100 -> 370 | S190: =$D190*TCA!R190/100 -> 1 | T190: =$D190*TCA!S190/100 -> 0.17 | U190: =$D190*TCA!T190/100 -> 13 | V190: =$D190*TCA!U190/100 -> 14 | W190: =$D190*TCA!V190/100 -> 0 | X190: =$D190*TCA!W190/100 -> 0
A191: Frutas | B191: Banano, guineo, plátano seda | C191: Banana, raw | D191: 100 | E191: =$D191*TCA!E191/100 -> 98.69 | F191: =$D191*TCA!F191/100 -> 1.09 | G191: =$D191*TCA!G191/100 -> 0.33 | H191: =$D191*TCA!H191/100 -> 22.84 | I191: =$D191*TCA!I191/100 -> 2.6 | J191: =$D191*TCA!J191/100 -> 0.11 | K191: =$D191*TCA!K191/100 -> 0.03 | L191: =$D191*TCA!L191/100 -> 0.07 | ... O191: =$D191*TCA!O191/100 -> 22 | P191: =O191/F191 -> 20.183486 | Q191: =$D191*TCA!P191/100 -> 0.26 | R191: =$D191*TCA!Q191/100 -> 358 | S191: =$D191*TCA!R191/100 -> 1 | T191: =$D191*TCA!S191/100 -> 0.15 | U191: =$D191*TCA!T191/100 -> 9 | V191: =$D191*TCA!U191/100 -> 3 | W191: =$D191*TCA!V191/100 -> 20 | X191: =$D191*TCA!W191/100 -> 0
A192: Frutas | B192: Borojó, fresco | C192: Borojo fruit, raw | D192: 100 | E192: =$D192*TCA!E192/100 -> 133.4 | F192: =$D192*TCA!F192/100 -> 3 | G192: =$D192*TCA!G192/100 -> 0.6 | H192: =$D192*TCA!H192/100 -> 29 | I192: =$D192*TCA!I192/100 -> 0 | J192: =$D192*TCA!J192/100 -> 0 | K192: =$D192*TCA!K192/100 -> 0 | L192: =$D192*TCA!L192/100 -> 0 | ... O192: =$D192*TCA!O192/100 -> 0 | P192: =O192/F192 -> 0 | Q192: =$D192*TCA!P192/100 -> 6.9 | R192: =$D192*TCA!Q192/100 -> 464 | S192: =$D192*TCA!R192/100 -> 8 | T192: =$D192*TCA!S192/100 -> 1.5 | U192: =$D192*TCA!T192/100 -> 3 | V192: =$D192*TCA!U192/100 -> 0 | W192: =$D192*TCA!V192/100 -> 0 | X192: =$D192*TCA!W192/100 -> 0
A193: Frutas | B193: Capulí, capulin, capulina | C193: Capuli, capulin, capulina | D193: 100 | E193: =$D193*TCA!E193/100 -> 100.7 | F193: =$D193*TCA!F193/100 -> 2.1 | G193: =$D193*TCA!G193/100 -> 2.3 | H193: =$D193*TCA!H193/100 -> 17.9 | I193: =$D193*TCA!I193/100 -> 0 | J193: =$D193*TCA!J193/100 -> 0 | K193: =$D193*TCA!K193/100 -> 0 | L193: =$D193*TCA!L193/100 -> 0 | ... O193: =$D193*TCA!O193/100 -> 94 | P193: =O193/F193 -> 44.761905 | Q193: =$D193*TCA!P193/100 -> 1.2 | R193: =$D193*TCA!Q193/100 -> 0 | S193: =$D193*TCA!R193/100 -> 0 | T193: =$D193*TCA!S193/100 -> 0 | U193: =$D193*TCA!T193/100 -> 90 | V193: =$D193*TCA!U193/100 -> 0 | W193: =$D193*TCA!V193/100 -> 0 | X193: =$D193*TCA!W193/100 -> 0
A194: Frutas | B194: Carambola, fruta estrellada, con cáscara, fresca | C194: Starfruit, unpeeled, raw | D194: 100 | E194: =$D194*TCA!E194/100 -> 34.05 | F194: =$D194*TCA!F194/100 -> 1.04 | G194: =$D194*TCA!G194/100 -> 0.33 | H194: =$D194*TCA!H194/100 -> 6.73 | I194: =$D194*TCA!I194/100 -> 2.8 | J194: =$D194*TCA!J194/100 -> 0.02 | K194: =$D194*TCA!K194/100 -> 0.03 | L194: =$D194*TCA!L194/100 -> 0.18 | ... O194: =$D194*TCA!O194/100 -> 12 | P194: =O194/F194 -> 11.538462 | Q194: =$D194*TCA!P194/100 -> 0.08 | R194: =$D194*TCA!Q194/100 -> 133 | S194: =$D194*TCA!R194/100 -> 2 | T194: =$D194*TCA!S194/100 -> 0.12 | U194: =$D194*TCA!T194/100 -> 34 | V194: =$D194*TCA!U194/100 -> 3 | W194: =$D194*TCA!V194/100 -> 12 | X194: =$D194*TCA!W194/100 -> 0
... A294: Frutas | B294: Zapote, mamey, sin cáscara, fresco | C294: Sapote, mamey, peeled, fresh, raw | D294: 100 | E294: =$D294*TCA!E294/100 -> 138.34 | F294: =$D294*TCA!F294/100 -> 1.45 | G294: =$D294*TCA!G294/100 -> 0.46 | H294: =$D294*TCA!H294/100 -> 32.1 | I294: =$D294*TCA!I294/100 -> 5.4 | J294: =$D294*TCA!J294/100 -> 0.17 | K294: =$D294*TCA!K294/100 -> 0.1 | L294: =$D294*TCA!L294/100 -> 0.1 | ... O294: =$D294*TCA!O294/100 -> 26 | P294: =O294/F294 -> 17.931034 | Q294: =$D294*TCA!P294/100 -> 0.78 | R294: =$D294*TCA!Q294/100 -> 454 | S294: =$D294*TCA!R294/100 -> 7 | T294: =$D294*TCA!S294/100 -> 0.19 | U294: =$D294*TCA!T294/100 -> 23 | V294: =$D294*TCA!U294/100 -> 7 | W294: =$D294*TCA!V294/100 -> 7 | X294: =$D294*TCA!W294/100 -> 0
D295: 100
A296: Vegetales | B296: Acelga, cocida, sin sal | C296: Chard, cooked, without salt | D296: 100 | E296: =$D296*TCA!E296/100 -> 24.76 | F296: =$D296*TCA!F296/100 -> 1.88 | G296: =$D296*TCA!G296/100 -> 0.08 | H296: =$D296*TCA!H296/100 -> 4.13 | I296: =$D296*TCA!I296/100 -> 2.1 | J296: =$D296*TCA!J296/100 -> 0.01 | K296: =$D296*TCA!K296/100 -> 0.02 | L296: =$D296*TCA!L296/100 -> 0.03 | ... O296: =$D296*TCA!O296/100 -> 33 | P296: =O296/F296 -> 17.553191 | Q296: =$D296*TCA!P296/100 -> 2.26 | R296: =$D296*TCA!Q296/100 -> 549 | S296: =$D296*TCA!R296/100 -> 179 | T296: =$D296*TCA!S296/100 -> 0.33 | U296: =$D296*TCA!T296/100 -> 18 | V296: =$D296*TCA!U296/100 -> 306 | W296: =$D296*TCA!V296/100 -> 9 | X296: =$D296*TCA!W296/100 -> 0
A297: Vegetales | B297: Acelga, cruda | C297: Chard, raw | D297: 100 | E297: =$D297*TCA!E297/100 -> 33.5 | F297: =$D297*TCA!F297/100 -> 2.9 | G297: =$D297*TCA!G297/100 -> 0.3 | H297: =$D297*TCA!H297/100 -> 4.8 | I297: =$D297*TCA!I297/100 -> 0 | J297: =$D297*TCA!J297/100 -> 0 | K297: =$D297*TCA!K297/100 -> 0 | L297: =$D297*TCA!L297/100 -> 0 | ... O297: =$D297*TCA!O297/100 -> 0 | P297: =O297/F297 -> 0 | Q297: =$D297*TCA!P297/100 -> 3.9 | R297: =$D297*TCA!Q297/100 -> 550 | S297: =$D297*TCA!R297/100 -> 147 | T297: =$D297*TCA!S297/100 -> 0.02 | U297: =$D297*TCA!T297/100 -> 6 | V297: =$D297*TCA!U297/100 -> 330 | W297: =$D297*TCA!V297/100 -> 0 | X297: =$D297*TCA!W297/100 -> 0
A298: Vegetales | B298: Achogcha, hojas y corazon, escurridas, cocida, sin sal | C298: Balsam-pear, bitter gourd, leaves and heart, boiled, drained, coocked, without salt | D298: 100 | E298: =$D298*TCA!E298/100 -> 22.26 | F298: =$D298*TCA!F298/100 -> 0.84 | G298: =$D298*TCA!G298/100 -> 0.18 | H298: =$D298*TCA!H298/100 -> 4.32 | I298: =$D298*TCA!I298/100 -> 2 | J298: =$D298*TCA!J298/100 -> 0.01 | K298: =$D298*TCA!K298/100 -> 0.03 | L298: =$D298*TCA!L298/100 -> 0.08 | ... O298: =$D298*TCA!O298/100 -> 36 | P298: =O298/F298 -> 42.857143 | Q298: =$D298*TCA!P298/100 -> 38 | R298: =$D298*TCA!Q298/100 -> 319 | S298: =$D298*TCA!R298/100 -> 6 | T298: =$D298*TCA!S298/100 -> 0.77 | U298: =$D298*TCA!T298/100 -> 33 | V298: =$D298*TCA!U298/100 -> 6 | W298: =$D298*TCA!V298/100 -> 51 | X298: =$D298*TCA!W298/100 -> 0
A299: Vegetales | B299: Achojcha, lisa, hervidas, escurrido, sin sal | C299: Achojcha (smooth), boiled, drained, without salt | D299: 100 | E299: =$D299*TCA!E299/100 -> 17.2 | F299: =$D299*TCA!F299/100 -> 0 | G299: =$D299*TCA!G299/100 -> 0 | H299: =$D299*TCA!H299/100 -> 4.3 | I299: =$D299*TCA!I299/100 -> 0 | J299: =$D299*TCA!J299/100 -> 0 | K299: =$D299*TCA!K299/100 -> 0 | L299: =$D299*TCA!L299/100 -> 0 | ... O299: =$D299*TCA!O299/100 -> 17 | P299: =O299/F299 -> #DIV/0! | Q299: =$D299*TCA!P299/100 -> 0.18 | R299: =$D299*TCA!Q299/100 -> 170 | S299: =$D299*TCA!R299/100 -> 3 | T299: =$D299*TCA!S299/100 -> 0.08 | U299: =$D299*TCA!T299/100 -> 0 | V299: =$D299*TCA!U299/100 -> 0 | W299: =$D299*TCA!V299/100 -> 0 | X299: =$D299*TCA!W299/100 -> 0
A300: Vegetales | B300: Ají amarillo fresco | C300: Peppers, hot chili, yellow, raw | D300: 100 | E300: =$D300*TCA!E300/100 -> 45.1 | F300: =$D300*TCA!F300/100 -> 0.9 | G300: =$D300*TCA!G300/100 -> 0.7 | H300: =$D300*TCA!H300/100 -> 8.8 | I300: =$D300*TCA!I300/100 -> 0 | J300: =$D300*TCA!J300/100 -> 0 | K300: =$D300*TCA!K300/100 -> 0 | L300: =$D300*TCA!L300/100 -> 0 | ... O300: =$D300*TCA!O300/100 -> 21 | P300: =O300/F300 -> 23.333333 | Q300: =$D300*TCA!P300/100 -> 0.9 | R300: =$D300*TCA!Q300/100 -> 0 | S300: =$D300*TCA!R300/100 -> 0 | T300: =$D300*TCA!S300/100 -> 0 | U300: =$D300*TCA!T300/100 -> 60 | V300: =$D300*TCA!U300/100 -> 445 | W300: =$D300*TCA!V300/100 -> 0 | X300: =$D300*TCA!W300/100 -> 0
A301: Vegetales | B301: Ají, rojo, rocoto, crudo | C301: Peppers, hot chili, red, raw | D301: 100 | E301: =$D301*TCA!E301/100 -> 46.68 | F301: =$D301*TCA!F301/100 -> 1.87 | G301: =$D301*TCA!G301/100 -> 0.44 | H301: =$D301*TCA!H301/100 -> 8.81 | I301: =$D301*TCA!I301/100 -> 1.5 | J301: =$D301*TCA!J301/100 -> 0.04 | K301: =$D301*TCA!K301/100 -> 0.02 | L301: =$D301*TCA!L301/100 -> 0.24 | ... O301: =$D301*TCA!O301/100 -> 43 | P301: =O301/F301 -> 22.994652 | Q301: =$D301*TCA!P301/100 -> 1.03 | R301: =$D301*TCA!Q301/100 -> 322 | S301: =$D301*TCA!R301/100 -> 9 | T301: =$D301*TCA!S301/100 -> 0.26 | U301: =$D301*TCA!T301/100 -> 143.7 | V301: =$D301*TCA!U301/100 -> 48 | W301: =$D301*TCA!V301/100 -> 23 | X301: =$D301*TCA!W301/100 -> 0
A302: Vegetales | B302: Ajo, fresco, crudo | C302: Garlic, fresh, raw | D302: 100 | E302: =$D302*TCA!E302/100 -> 162.18 | F302: =$D302*TCA!F302/100 -> 6.36 | G302: =$D302*TCA!G302/100 -> 0.5 | H302: =$D302*TCA!H302/100 -> 33.06 | I302: =$D302*TCA!I302/100 -> 2.1 | J302: =$D302*TCA!J302/100 -> 0.09 | K302: =$D302*TCA!K302/100 -> 0.01 | L302: =$D302*TCA!L302/100 -> 0.25 | ... O302: =$D302*TCA!O302/100 -> 153 | P302: =O302/F302 -> 24.056604 | Q302: =$D302*TCA!P302/100 -> 1.7 | R302: =$D302*TCA!Q302/100 -> 401 | S302: =$D302*TCA!R302/100 -> 17 | T302: =$D302*TCA!S302/100 -> 1.16 | U302: =$D302*TCA!T302/100 -> 31.2 | V302: =$D302*TCA!U302/100 -> 0 | W302: =$D302*TCA!V302/100 -> 3 | X302: =$D302*TCA!W302/100 -> 0
A303: Vegetales | B303: Albahaca, fresca, cruda | C303: Basil, fresh, raw | D303: 100 | E303: =$D303*TCA!E303/100 -> 28.96 | F303: =$D303*TCA!F303/100 -> 3.15 | G303: =$D303*TCA!G303/100 -> 0.64 | H303: =$D303*TCA!H303/100 -> 2.65 | I303: =$D303*TCA!I303/100 -> 1.6 | J303: =$D303*TCA!J303/100 -> 0.04 | K303: =$D303*TCA!K303/100 -> 0.09 | L303: =$D303*TCA!L303/100 -> 0.39 | ... O303: =$D303*TCA!O303/100 -> 56 | P303: =O303/F303 -> 17.777778 | Q303: =$D303*TCA!P303/100 -> 3.17 | R303: =$D303*TCA!Q303/100 -> 295 | S303: =$D303*TCA!R303/100 -> 4 | T303: =$D303*TCA!S303/100 -> 0.81 | U303: =$D303*TCA!T303/100 -> 18 | V303: =$D303*TCA!U303/100 -> 264 | W303: =$D303*TCA!V303/100 -> 68 | X303: =$D303*TCA!W303/100 -> 0
A304: Vegetales | B304: Alcachofa, hojas y corazón, cocida, sin sal | C304: Artichokes, leaves and heart, cooked, drained, without salt | D304: 100 | E304: =$D304*TCA!E304/100 -> 62.42 | F304: =$D304*TCA!F304/100 -> 2.89 | G304: =$D304*TCA!G304/100 -> 0.34 | H304: =$D304*TCA!H304/100 -> 11.95 | I304: =$D304*TCA!I304/100 -> 5.7 | J304: =$D304*TCA!J304/100 -> 0.08 | K304: =$D304*TCA!K304/100 -> 0.01 | L304: =$D304*TCA!L304/100 -> 0.15 | ... O304: =$D304*TCA!O304/100 -> 73 | P304: =O304/F304 -> 25.259516 | Q304: =$D304*TCA!P304/100 -> 0.61 | R304: =$D304*TCA!Q304/100 -> 286 | S304: =$D304*TCA!R304/100 -> 60 | T304: =$D304*TCA!S304/100 -> 0.4 | U304: =$D304*TCA!T304/100 -> 7.4 | V304: =$D304*TCA!U304/100 -> 1 | W304: =$D304*TCA!V304/100 -> 89 | X304: =$D304*TCA!W304/100 -> 0
A305: Vegetales | B305: Alcachofa, hojas y corazon, cruda | C305: Artichokes, leaves and heart, raw | D305: 100 | E305: =$D305*TCA!E305/100 -> 56.47 | F305: =$D305*TCA!F305/100 -> 3.27 | G305: =$D305*TCA!G305/100 -> 0.15 | H305: =$D305*TCA!H305/100 -> 10.51 | I305: =$D305*TCA!I305/100 -> 5.4 | J305: =$D305*TCA!J305/100 -> 0.04 | K305: =$D305*TCA!K305/100 -> 0 | L305: =$D305*TCA!L305/100 -> 0.06 | ... O305: =$D305*TCA!O305/100 -> 90 | P305: =O305/F305 -> 27.522936 | Q305: =$D305*TCA!P305/100 -> 1.28 | R305: =$D305*TCA!Q305/100 -> 370 | S305: =$D305*TCA!R305/100 -> 94 | T305: =$D305*TCA!S305/100 -> 0.49 | U305: =$D305*TCA!T305/100 -> 12 | V305: =$D305*TCA!U305/100 -> 9 | W305: =$D305*TCA!V305/100 -> 68 | X305: =$D305*TCA!W305/100 -> 0
A306: Vegetales | B306: Alfalfa, brotes de alfalfa | C306: Alfalfa, sprouts | D306: 100 | E306: =$D306*TCA!E306/100 -> 37.29 | F306: =$D306*TCA!F306/100 -> 3.99 | G306: =$D306*TCA!G306/100 -> 0.69 | H306: =$D306*TCA!H306/100 -> 3.78 | I306: =$D306*TCA!I306/100 -> 2.5 | J306: =$D306*TCA!J306/100 -> 0.07 | K306: =$D306*TCA!K306/100 -> 0.06 | L306: =$D306*TCA!L306/100 -> 0.41 | ... O306: =$D306*TCA!O306/100 -> 70 | P306: =O306/F306 -> 17.54386 | Q306: =$D306*TCA!P306/100 -> 0.96 | R306: =$D306*TCA!Q306/100 -> 79 | S306: =$D306*TCA!R306/100 -> 6 | T306: =$D306*TCA!S306/100 -> 0.92 | U306: =$D306*TCA!T306/100 -> 8 | V306: =$D306*TCA!U306/100 -> 8 | W306: =$D306*TCA!V306/100 -> 36 | X306: =$D306*TCA!W306/100 -> 0
A307: Vegetales | B307: Apio, tallos, crudo | C307: Celery, westchester hisano, raw | D307: 100 | E307: =$D307*TCA!E307/100 -> 16.17 | F307: =$D307*TCA!F307/100 -> 0.69 | G307: =$D307*TCA!G307/100 -> 0.17 | H307: =$D307*TCA!H307/100 -> 2.97 | I307: =$D307*TCA!I307/100 -> 1.6 | J307: =$D307*TCA!J307/100 -> 0.04 | K307: =$D307*TCA!K307/100 -> 0.03 | L307: =$D307*TCA!L307/100 -> 0.08 | ... O307: =$D307*TCA!O307/100 -> 24 | P307: =O307/F307 -> 34.782609 | Q307: =$D307*TCA!P307/100 -> 0.2 | R307: =$D307*TCA!Q307/100 -> 260 | S307: =$D307*TCA!R307/100 -> 80 | T307: =$D307*TCA!S307/100 -> 0.13 | U307: =$D307*TCA!T307/100 -> 3 | V307: =$D307*TCA!U307/100 -> 22 | W307: =$D307*TCA!V307/100 -> 36 | X307: =$D307*TCA!W307/100 -> 0
... A379: Vegetales | B379: Zucchini, verde, con cáscara, fresco, crudo | C379: Squash, zucchini, verde, unpeeled, fresh,raw | D379: 100 | E379: =$D379*TCA!E379/100 -> 20.16 | F379: =$D379*TCA!F379/100 -> 1.21 | G379: =$D379*TCA!G379/100 -> 0.32 | H379: =$D379*TCA!H379/100 -> 3.11 | I379: =$D379*TCA!I379/100 -> 1 | J379: =$D379*TCA!J379/100 -> 0.08 | K379: =$D379*TCA!K379/100 -> 0.01 | L379: =$D379*TCA!L379/100 -> 0.09 | ... O379: =$D379*TCA!O379/100 -> 38 | P379: =O379/F379 -> 31.404959 | Q379: =$D379*TCA!P379/100 -> 0.37 | R379: =$D379*TCA!Q379/100 -> 261 | S379: =$D379*TCA!R379/100 -> 8 | T379: =$D379*TCA!S379/100 -> 0.32 | U379: =$D379*TCA!T379/100 -> 17.9 | V379: =$D379*TCA!U379/100 -> 10 | W379: =$D379*TCA!V379/100 -> 24 | X379: =$D379*TCA!W379/100 -> 0
D380: 100
A381: Leguminosas | B381: Arveja, grano seco, cocida, sin sal | C381: Peas, mature seeds, cooked, with salt | D381: 100 | E381: =$D381*TCA!E381/100 -> 121.27 | F381: =$D381*TCA!F381/100 -> 8.34 | G381: =$D381*TCA!G381/100 -> 0.39 | H381: =$D381*TCA!H381/100 -> 21.1 | I381: =$D381*TCA!I381/100 -> 8.3 | J381: =$D381*TCA!J381/100 -> 0.05 | K381: =$D381*TCA!K381/100 -> 0.08 | L381: =$D381*TCA!L381/100 -> 0.17 | ... O381: =$D381*TCA!O381/100 -> 99 | P381: =O381/F381 -> 11.870504 | Q381: =$D381*TCA!P381/100 -> 1.29 | R381: =$D381*TCA!Q381/100 -> 362 | S381: =$D381*TCA!R381/100 -> 2 | T381: =$D381*TCA!S381/100 -> 1 | U381: =$D381*TCA!T381/100 -> 0 | V381: =$D381*TCA!U381/100 -> 0 | W381: =$D381*TCA!V381/100 -> 65 | X381: =$D381*TCA!W381/100 -> 0
A382: Leguminosas | B382: Arveja, grano seco, crudo | C382: Peas, mature seeds, raw | D382: 100 | E382: =$D382*TCA!E382/100 -> 350.12 | F382: =$D382*TCA!F382/100 -> 24.55 | G382: =$D382*TCA!G382/100 -> 1.16 | H382: =$D382*TCA!H382/100 -> 60.37 | I382: =$D382*TCA!I382/100 -> 25.5 | J382: =$D382*TCA!J382/100 -> 0.16 | K382: =$D382*TCA!K382/100 -> 0.24 | L382: =$D382*TCA!L382/100 -> 0.5 | ... O382: =$D382*TCA!O382/100 -> 366 | P382: =O382/F382 -> 14.90835 | Q382: =$D382*TCA!P382/100 -> 4.43 | R382: =$D382*TCA!Q382/100 -> 981 | S382: =$D382*TCA!R382/100 -> 15 | T382: =$D382*TCA!S382/100 -> 3.01 | U382: =$D382*TCA!T382/100 -> 2 | V382: =$D382*TCA!U382/100 -> 7 | W382: =$D382*TCA!V382/100 -> 274 | X382: =$D382*TCA!W382/100 -> 0
A383: Leguminosas | B383: Brotes de soya, frescos, crudos | C383: Bean sprouts, soy, fresh, raw | D383: 100 | E383: =$D383*TCA!E383/100 -> 150.94 | F383: =$D383*TCA!F383/100 -> 13.09 | G383: =$D383*TCA!G383/100 -> 6.7 | H383: =$D383*TCA!H383/100 -> 9.57 | I383: =$D383*TCA!I383/100 -> 1.1 | J383: =$D383*TCA!J383/100 -> 0.93 | K383: =$D383*TCA!K383/100 -> 1.52 | L383: =$D383*TCA!L383/100 -> 3.78 | ... O383: =$D383*TCA!O383/100 -> 164 | P383: =O383/F383 -> 12.528648 | Q383: =$D383*TCA!P383/100 -> 2.1 | R383: =$D383*TCA!Q383/100 -> 484 | S383: =$D383*TCA!R383/100 -> 14 | T383: =$D383*TCA!S383/100 -> 1.17 | U383: =$D383*TCA!T383/100 -> 15 | V383: =$D383*TCA!U383/100 -> 1 | W383: =$D383*TCA!V383/100 -> 172 | X383: =$D383*TCA!W383/100 -> 0
A384: Leguminosas | B384: Chocho, cocido, con sal | C384: Lupine, mature seed, cooked, with salt | D384: 100 | E384: =$D384*TCA!E384/100 -> 128.08 | F384: =$D384*TCA!F384/100 -> 15.57 | G384: =$D384*TCA!G384/100 -> 2.92 | H384: =$D384*TCA!H384/100 -> 9.88 | I384: =$D384*TCA!I384/100 -> 2.8 | J384: =$D384*TCA!J384/100 -> 0.35 | K384: =$D384*TCA!K384/100 -> 1.12 | L384: =$D384*TCA!L384/100 -> 0.73 | ... O384: =$D384*TCA!O384/100 -> 128 | P384: =O384/F384 -> 8.2209377 | Q384: =$D384*TCA!P384/100 -> 1.2 | R384: =$D384*TCA!Q384/100 -> 245 | S384: =$D384*TCA!R384/100 -> 4 | T384: =$D384*TCA!S384/100 -> 1.35 | U384: =$D384*TCA!T384/100 -> 1.1 | V384: =$D384*TCA!U384/100 -> 0 | W384: =$D384*TCA!V384/100 -> 59 | X384: =$D384*TCA!W384/100 -> 0
A385: Leguminosas | B385: Chocho, cocido, sin sal | C385: Lupine, mature seed, cooked, without salt | D385: 100 | E385: =$D385*TCA!E385/100 -> 128.08 | F385: =$D385*TCA!F385/100 -> 15.57 | G385: =$D385*TCA!G385/100 -> 2.92 | H385: =$D385*TCA!H385/100 -> 9.88 | I385: =$D385*TCA!I385/100 -> 2.8 | J385: =$D385*TCA!J385/100 -> 0.35 | K385: =$D385*TCA!K385/100 -> 1.18 | L385: =$D385*TCA!L385/100 -> 0.73 | ... O385: =$D385*TCA!O385/100 -> 128 | P385: =O385/F385 -> 8.2209377 | Q385: =$D385*TCA!P385/100 -> 1.2 | R385: =$D385*TCA!Q385/100 -> 245 | S385: =$D385*TCA!R385/100 -> 4 | T385: =$D385*TCA!S385/100 -> 1.38 | U385: =$D385*TCA!T385/100 -> 1.1 | V385: =$D385*TCA!U385/100 -> 0 | W385: =$D385*TCA!V385/100 -> 59 | X385: =$D385*TCA!W385/100 -> 0
A386: Leguminosas | B386: Chocho, grano seco, crudo | C386: Lupins, mature seeds,raw | D386: 100 | E386: =$D386*TCA!E386/100 -> 393.82 | F386: =$D386*TCA!F386/100 -> 36.17 | G386: =$D386*TCA!G386/100 -> 9.74 | H386: =$D386*TCA!H386/100 -> 40.37 | I386: =$D386*TCA!I386/100 -> 18.9 | J386: =$D386*TCA!J386/100 -> 1.16 | K386: =$D386*TCA!K386/100 -> 3.94 | L386: =$D386*TCA!L386/100 -> 2.44 | ... O386: =$D386*TCA!O386/100 -> 440 | P386: =O386/F386 -> 12.164777 | Q386: =$D386*TCA!P386/100 -> 4.36 | R386: =$D386*TCA!Q386/100 -> 1013 | S386: =$D386*TCA!R386/100 -> 15 | T386: =$D386*TCA!S386/100 -> 4.75 | U386: =$D386*TCA!T386/100 -> 4.8 | V386: =$D386*TCA!U386/100 -> 0 | W386: =$D386*TCA!V386/100 -> 355 | X386: =$D386*TCA!W386/100 -> 0
A387: Leguminosas | B387: Fréjol de árbol, gandul, grano seco, crudo | C387: Beans, great northern, mature seeds, raw | D387: 100 | E387: =$D387*TCA!E387/100 -> 347.18 | F387: =$D387*TCA!F387/100 -> 21.86 | G387: =$D387*TCA!G387/100 -> 1.14 | H387: =$D387*TCA!H387/100 -> 62.37 | I387: =$D387*TCA!I387/100 -> 20.2 | J387: =$D387*TCA!J387/100 -> 0.36 | K387: =$D387*TCA!K387/100 -> 0.05 | L387: =$D387*TCA!L387/100 -> 0.48 | ... O387: =$D387*TCA!O387/100 -> 447 | P387: =O387/F387 -> 20.448307 | Q387: =$D387*TCA!P387/100 -> 5.47 | R387: =$D387*TCA!Q387/100 -> 1387 | S387: =$D387*TCA!R387/100 -> 14 | T387: =$D387*TCA!S387/100 -> 2.31 | U387: =$D387*TCA!T387/100 -> 5.3 | V387: =$D387*TCA!U387/100 -> 0 | W387: =$D387*TCA!V387/100 -> 482 | X387: =$D387*TCA!W387/100 -> 0
A388: Leguminosas | B388: Fréjol, blanco, grano seco, cocido, sin sal | C388: Beans, white, mature seeds, cooked, with salt | D388: 100 | E388: =$D388*TCA!E388/100 -> 142.43 | F388: =$D388*TCA!F388/100 -> 9.73 | G388: =$D388*TCA!G388/100 -> 0.35 | H388: =$D388*TCA!H388/100 -> 25.09 | I388: =$D388*TCA!I388/100 -> 6.3 | J388: =$D388*TCA!J388/100 -> 0.09 | K388: =$D388*TCA!K388/100 -> 0.03 | L388: =$D388*TCA!L388/100 -> 0.15 | ... O388: =$D388*TCA!O388/100 -> 113 | P388: =O388/F388 -> 11.613566 | Q388: =$D388*TCA!P388/100 -> 3.7 | R388: =$D388*TCA!Q388/100 -> 561 | S388: =$D388*TCA!R388/100 -> 6 | T388: =$D388*TCA!S388/100 -> 1.38 | U388: =$D388*TCA!T388/100 -> 0 | V388: =$D388*TCA!U388/100 -> 0 | W388: =$D388*TCA!V388/100 -> 81 | X388: =$D388*TCA!W388/100 -> 0
A389: Leguminosas | B389: Fréjol, blanco, grano seco, crudo | C389: Beans, white, mature seeds, raw | D389: 100 | E389: =$D389*TCA!E389/100 -> 342.17 | F389: =$D389*TCA!F389/100 -> 23.36 | G389: =$D389*TCA!G389/100 -> 0.85 | H389: =$D389*TCA!H389/100 -> 60.27 | I389: =$D389*TCA!I389/100 -> 15.2 | J389: =$D389*TCA!J389/100 -> 0.22 | K389: =$D389*TCA!K389/100 -> 0.07 | L389: =$D389*TCA!L389/100 -> 0.36 | ... O389: =$D389*TCA!O389/100 -> 301 | P389: =O389/F389 -> 12.885274 | Q389: =$D389*TCA!P389/100 -> 10.44 | R389: =$D389*TCA!Q389/100 -> 1795 | S389: =$D389*TCA!R389/100 -> 16 | T389: =$D389*TCA!S389/100 -> 3.67 | U389: =$D389*TCA!T389/100 -> 0 | V389: =$D389*TCA!U389/100 -> 0 | W389: =$D389*TCA!V389/100 -> 388 | X389: =$D389*TCA!W389/100 -> 0
A390: Leguminosas | B390: Fréjol, canario, cocido | C390: Beans canary, cooked | D390: 100 | E390: =$D390*TCA!E390/100 -> 87.3 | F390: =$D390*TCA!F390/100 -> 5.2 | G390: =$D390*TCA!G390/100 -> 0.5 | H390: =$D390*TCA!H390/100 -> 15.5 | I390: =$D390*TCA!I390/100 -> 10.4 | J390: =$D390*TCA!J390/100 -> 0 | K390: =$D390*TCA!K390/100 -> 0 | L390: =$D390*TCA!L390/100 -> 0 | ... O390: =$D390*TCA!O390/100 -> 85 | P390: =O390/F390 -> 16.346154 | Q390: =$D390*TCA!P390/100 -> 1.6 | R390: =$D390*TCA!Q390/100 -> 0 | S390: =$D390*TCA!R390/100 -> 0 | T390: =$D390*TCA!S390/100 -> 1.06 | U390: =$D390*TCA!T390/100 -> 0 | V390: =$D390*TCA!U390/100 -> 0 | W390: =$D390*TCA!V390/100 -> 0 | X390: =$D390*TCA!W390/100 -> 0
A391: Leguminosas | B391: Fréjol, canario, crudo | C391: Beans canary, raw | D391: 100 | E391: =$D391*TCA!E391/100 -> 346.9 | F391: =$D391*TCA!F391/100 -> 21.9 | G391: =$D391*TCA!G391/100 -> 2.1 | H391: =$D391*TCA!H391/100 -> 60.1 | I391: =$D391*TCA!I391/100 -> 25.1 | J391: =$D391*TCA!J391/100 -> 0 | K391: =$D391*TCA!K391/100 -> 0 | L391: =$D391*TCA!L391/100 -> 0 | ... O391: =$D391*TCA!O391/100 -> 351 | P391: =O391/F391 -> 16.027397 | Q391: =$D391*TCA!P391/100 -> 6.6 | R391: =$D391*TCA!Q391/100 -> 1212 | S391: =$D391*TCA!R391/100 -> 43 | T391: =$D391*TCA!S391/100 -> 2.83 | U391: =$D391*TCA!T391/100 -> 6.3 | V391: =$D391*TCA!U391/100 -> 0 | W391: =$D391*TCA!V391/100 -> 0 | X391: =$D391*TCA!W391/100 -> 0
A392: Leguminosas | B392: Fréjol, canario, serranito | C392: Beans, canarian, serranito | D392: 100 | E392: =$D392*TCA!E392/100 -> 346.2 | F392: =$D392*TCA!F392/100 -> 19.2 | G392: =$D392*TCA!G392/100 -> 1.8 | H392: =$D392*TCA!H392/100 -> 63.3 | I392: =$D392*TCA!I392/100 -> 24.9 | J392: =$D392*TCA!J392/100 -> 0 | K392: =$D392*TCA!K392/100 -> 0 | L392: =$D392*TCA!L392/100 -> 0 | ... O392: =$D392*TCA!O392/100 -> 362 | P392: =O392/F392 -> 18.854167 | Q392: =$D392*TCA!P392/100 -> 4 | R392: =$D392*TCA!Q392/100 -> 1212 | S392: =$D392*TCA!R392/100 -> 43 | T392: =$D392*TCA!S392/100 -> 2.79 | U392: =$D392*TCA!T392/100 -> 4.5 | V392: =$D392*TCA!U392/100 -> 0 | W392: =$D392*TCA!V392/100 -> 0 | X392: =$D392*TCA!W392/100 -> 0
... A416: Leguminosas | B416: Soya, leche en polvo | C416: Soy, milk powder | D416: 100 | E416: =$D416*TCA!E416/100 -> 448.6 | F416: =$D416*TCA!F416/100 -> 28.3 | G416: =$D416*TCA!G416/100 -> 17.8 | H416: =$D416*TCA!H416/100 -> 43.8 | I416: =$D416*TCA!I416/100 -> 0 | J416: =$D416*TCA!J416/100 -> 0 | K416: =$D416*TCA!K416/100 -> 0 | L416: =$D416*TCA!L416/100 -> 0 | ... O416: =$D416*TCA!O416/100 -> 717 | P416: =O416/F416 -> 25.335689 | Q416: =$D416*TCA!P416/100 -> 10.7 | R416: =$D416*TCA!Q416/100 -> 0 | S416: =$D416*TCA!R416/100 -> 0 | T416: =$D416*TCA!S416/100 -> 0 | U416: =$D416*TCA!T416/100 -> 53 | V416: =$D416*TCA!U416/100 -> 10 | W416: =$D416*TCA!V416/100 -> 0 | X416: =$D416*TCA!W416/100 -> 0
D417: 100
A418: Carnes y embutidos | B418: Borrego, corazón, crudo | C418: Lamb, heart, raw | D418: 100 | E418: =$D418*TCA!E418/100 -> 117.84 | F418: =$D418*TCA!F418/100 -> 16.47 | G418: =$D418*TCA!G418/100 -> 5.68 | H418: =$D418*TCA!H418/100 -> 0.21 | I418: =$D418*TCA!I418/100 -> 0 | J418: =$D418*TCA!J418/100 -> 2.25 | K418: =$D418*TCA!K418/100 -> 1.6 | L418: =$D418*TCA!L418/100 -> 0.55 | ... O418: =$D418*TCA!O418/100 -> 175 | P418: =O418/F418 -> 10.625379 | Q418: =$D418*TCA!P418/100 -> 4.6 | R418: =$D418*TCA!Q418/100 -> 316 | S418: =$D418*TCA!R418/100 -> 89 | T418: =$D418*TCA!S418/100 -> 1.87 | U418: =$D418*TCA!T418/100 -> 5 | V418: =$D418*TCA!U418/100 -> 0 | W418: =$D418*TCA!V418/100 -> 2 | X418: =$D418*TCA!W418/100 -> 10.25
A419: Carnes y embutidos | B419: Borrego, pierna, sin hueso, crudo | C419: Lamb, leg, boneless, raw | D419: 100 | E419: =$D419*TCA!E419/100 -> 225.27 | F419: =$D419*TCA!F419/100 -> 17.91 | G419: =$D419*TCA!G419/100 -> 17.07 | H419: =$D419*TCA!H419/100 -> 0 | I419: =$D419*TCA!I419/100 -> 0 | J419: =$D419*TCA!J419/100 -> 7.43 | K419: =$D419*TCA!K419/100 -> 7 | L419: =$D419*TCA!L419/100 -> 1.35 | ... O419: =$D419*TCA!O419/100 -> 170 | P419: =O419/F419 -> 9.491904 | Q419: =$D419*TCA!P419/100 -> 1.66 | R419: =$D419*TCA!Q419/100 -> 249 | S419: =$D419*TCA!R419/100 -> 56 | T419: =$D419*TCA!S419/100 -> 3.32 | U419: =$D419*TCA!T419/100 -> 0 | V419: =$D419*TCA!U419/100 -> 0 | W419: =$D419*TCA!V419/100 -> 19 | X419: =$D419*TCA!W419/100 -> 2.5
A420: Carnes y embutidos | B420: Borrego, riñón, crudo | C420: Lamb, kidneys, raw | D420: 100 | E420: =$D420*TCA!E420/100 -> 92.79 | F420: =$D420*TCA!F420/100 -> 15.74 | G420: =$D420*TCA!G420/100 -> 2.95 | H420: =$D420*TCA!H420/100 -> 0.82 | I420: =$D420*TCA!I420/100 -> 0 | J420: =$D420*TCA!J420/100 -> 1 | K420: =$D420*TCA!K420/100 -> 0.63 | L420: =$D420*TCA!L420/100 -> 0.55 | ... O420: =$D420*TCA!O420/100 -> 246 | P420: =O420/F420 -> 15.628971 | Q420: =$D420*TCA!P420/100 -> 6.38 | R420: =$D420*TCA!Q420/100 -> 277 | S420: =$D420*TCA!R420/100 -> 156 | T420: =$D420*TCA!S420/100 -> 2.24 | U420: =$D420*TCA!T420/100 -> 11 | V420: =$D420*TCA!U420/100 -> 95 | W420: =$D420*TCA!V420/100 -> 28 | X420: =$D420*TCA!W420/100 -> 52.41
A421: Carnes y embutidos | B421: Carnero, cabeza, cocido | C421: Ram, head, cooked | D421: 100 | E421: =$D421*TCA!E421/100 -> 107.2 | F421: =$D421*TCA!F421/100 -> 14.2 | G421: =$D421*TCA!G421/100 -> 5.6 | H421: =$D421*TCA!H421/100 -> 0 | I421: =$D421*TCA!I421/100 -> 0 | J421: =$D421*TCA!J421/100 -> 3 | K421: =$D421*TCA!K421/100 -> 2 | L421: =$D421*TCA!L421/100 -> 0.01 | ... O421: =$D421*TCA!O421/100 -> 130 | P421: =O421/F421 -> 9.1549296 | Q421: =$D421*TCA!P421/100 -> 2.1 | R421: =$D421*TCA!Q421/100 -> 295 | S421: =$D421*TCA!R421/100 -> 75 | T421: =$D421*TCA!S421/100 -> 0 | U421: =$D421*TCA!T421/100 -> 0 | V421: =$D421*TCA!U421/100 -> 0 | W421: =$D421*TCA!V421/100 -> 0 | X421: =$D421*TCA!W421/100 -> 0
A422: Carnes y embutidos | B422: Carnero, carne magra con hueso | C422: Lamb, lean meat with bone | D422: 100 | E422: =$D422*TCA!E422/100 -> 306.48 | F422: =$D422*TCA!F422/100 -> 15.87 | G422: =$D422*TCA!G422/100 -> 27 | H422: =$D422*TCA!H422/100 -> 0 | I422: =$D422*TCA!I422/100 -> 0 | J422: =$D422*TCA!J422/100 -> 13.7 | K422: =$D422*TCA!K422/100 -> 10.35 | L422: =$D422*TCA!L422/100 -> 1.16 | ... O422: =$D422*TCA!O422/100 -> 153 | P422: =O422/F422 -> 9.6408318 | Q422: =$D422*TCA!P422/100 -> 1.43 | R422: =$D422*TCA!Q422/100 -> 120 | S422: =$D422*TCA!R422/100 -> 42 | T422: =$D422*TCA!S422/100 -> 2.19 | U422: =$D422*TCA!T422/100 -> 0 | V422: =$D422*TCA!U422/100 -> 0 | W422: =$D422*TCA!V422/100 -> 1 | X422: =$D422*TCA!W422/100 -> 2.22
A423: Carnes y embutidos | B423: Carnero, carne magra sin hueso | C423: Lamb, lean boneless meat | D423: 100 | E423: =$D423*TCA!E423/100 -> 132.68 | F423: =$D423*TCA!F423/100 -> 20.48 | G423: =$D423*TCA!G423/100 -> 5.64 | H423: =$D423*TCA!H423/100 -> 0 | I423: =$D423*TCA!I423/100 -> 0 | J423: =$D423*TCA!J423/100 -> 2.31 | K423: =$D423*TCA!K423/100 -> 2.29 | L423: =$D423*TCA!L423/100 -> 0.27 | ... O423: =$D423*TCA!O423/100 -> 195 | P423: =O423/F423 -> 9.5214844 | Q423: =$D423*TCA!P423/100 -> 1.75 | R423: =$D423*TCA!Q423/100 -> 328 | S423: =$D423*TCA!R423/100 -> 80 | T423: =$D423*TCA!S423/100 -> 3.5 | U423: =$D423*TCA!T423/100 -> 0 | V423: =$D423*TCA!U423/100 -> 0 | W423: =$D423*TCA!V423/100 -> 0 | X423: =$D423*TCA!W423/100 -> 3.01
A424: Carnes y embutidos | B424: Carnero, carne, crudo | C424: Ram, meat, raw | D424: 100 | E424: =$D424*TCA!E424/100 -> 304.95 | F424: =$D424*TCA!F424/100 -> 16.32 | G424: =$D424*TCA!G424/100 -> 26.63 | H424: =$D424*TCA!H424/100 -> 0 | I424: =$D424*TCA!I424/100 -> 0 | J424: =$D424*TCA!J424/100 -> 11.76 | K424: =$D424*TCA!K424/100 -> 10.94 | L424: =$D424*TCA!L424/100 -> 2.08 | ... O424: =$D424*TCA!O424/100 -> 152 | P424: =O424/F424 -> 9.3137255 | Q424: =$D424*TCA!P424/100 -> 1.61 | R424: =$D424*TCA!Q424/100 -> 214 | S424: =$D424*TCA!R424/100 -> 56 | T424: =$D424*TCA!S424/100 -> 2.53 | U424: =$D424*TCA!T424/100 -> 0 | V424: =$D424*TCA!U424/100 -> 0 | W424: =$D424*TCA!V424/100 -> 17 | X424: =$D424*TCA!W424/100 -> 2.04
A425: Carnes y embutidos | B425: Carnero, hígado, crudo | C425: Ram, liver, raw | D425: 100 | E425: =$D425*TCA!E425/100 -> 122.6 | F425: =$D425*TCA!F425/100 -> 20.3 | G425: =$D425*TCA!G425/100 -> 4.2 | H425: =$D425*TCA!H425/100 -> 0.9 | I425: =$D425*TCA!I425/100 -> 0 | J425: =$D425*TCA!J425/100 -> 1.94 | K425: =$D425*TCA!K425/100 -> 1.05 | L425: =$D425*TCA!L425/100 -> 0.75 | ... O425: =$D425*TCA!O425/100 -> 287 | P425: =O425/F425 -> 14.137931 | Q425: =$D425*TCA!P425/100 -> 6.6 | R425: =$D425*TCA!Q425/100 -> 313 | S425: =$D425*TCA!R425/100 -> 70 | T425: =$D425*TCA!S425/100 -> 4.66 | U425: =$D425*TCA!T425/100 -> 18 | V425: =$D425*TCA!U425/100 -> 7391 | W425: =$D425*TCA!V425/100 -> 230 | X425: =$D425*TCA!W425/100 -> 90.05
A426: Carnes y embutidos | B426: Carnero, patas, cocido | C426: Ram, paws, cooked | D426: 100 | E426: =$D426*TCA!E426/100 -> 102.9 | F426: =$D426*TCA!F426/100 -> 21 | G426: =$D426*TCA!G426/100 -> 2.1 | H426: =$D426*TCA!H426/100 -> 0 | I426: =$D426*TCA!I426/100 -> 0 | J426: =$D426*TCA!J426/100 -> 0 | K426: =$D426*TCA!K426/100 -> 0 | L426: =$D426*TCA!L426/100 -> 0 | ... O426: =$D426*TCA!O426/100 -> 26 | P426: =O426/F426 -> 1.2380952 | Q426: =$D426*TCA!P426/100 -> 1 | R426: =$D426*TCA!Q426/100 -> 0 | S426: =$D426*TCA!R426/100 -> 0 | T426: =$D426*TCA!S426/100 -> 0 | U426: =$D426*TCA!T426/100 -> 0 | V426: =$D426*TCA!U426/100 -> 0 | W426: =$D426*TCA!V426/100 -> 0 | X426: =$D426*TCA!W426/100 -> 0
A427: Carnes y embutidos | B427: Cerdo (fritada), grasa y carne, frito, comercialmente preparado | C427: Pork (Ecuadorian fried pork), fat and meat, fried, commercially prepared | D427: 100 | E427: =$D427*TCA!E427/100 -> 380.6 | F427: =$D427*TCA!F427/100 -> 29.8 | G427: =$D427*TCA!G427/100 -> 26.2 | H427: =$D427*TCA!H427/100 -> 6.4 | I427: =$D427*TCA!I427/100 -> 0 | J427: =$D427*TCA!J427/100 -> 0 | K427: =$D427*TCA!K427/100 -> 0 | L427: =$D427*TCA!L427/100 -> 0 | ... O427: =$D427*TCA!O427/100 -> 180 | P427: =O427/F427 -> 6.0402685 | Q427: =$D427*TCA!P427/100 -> 1.71 | R427: =$D427*TCA!Q427/100 -> 477 | S427: =$D427*TCA!R427/100 -> 1330 | T427: =$D427*TCA!S427/100 -> 3.05 | U427: =$D427*TCA!T427/100 -> 0 | V427: =$D427*TCA!U427/100 -> 0 | W427: =$D427*TCA!V427/100 -> 0 | X427: =$D427*TCA!W427/100 -> 0
A428: Carnes y embutidos | B428: Cerdo, cabeza, cocido | C428: Pork, head, cooked | D428: 100 | E428: =$D428*TCA!E428/100 -> 228.49 | F428: =$D428*TCA!F428/100 -> 26.14 | G428: =$D428*TCA!G428/100 -> 13.77 | H428: =$D428*TCA!H428/100 -> 0 | I428: =$D428*TCA!I428/100 -> 0 | J428: =$D428*TCA!J428/100 -> 4.85 | K428: =$D428*TCA!K428/100 -> 5.93 | L428: =$D428*TCA!L428/100 -> 1.51 | ... O428: =$D428*TCA!O428/100 -> 219 | P428: =O428/F428 -> 8.3779648 | Q428: =$D428*TCA!P428/100 -> 1.1 | R428: =$D428*TCA!Q428/100 -> 338 | S428: =$D428*TCA!R428/100 -> 379 | T428: =$D428*TCA!S428/100 -> 3.04 | U428: =$D428*TCA!T428/100 -> 0.1 | V428: =$D428*TCA!U428/100 -> 2 | W428: =$D428*TCA!V428/100 -> 2 | X428: =$D428*TCA!W428/100 -> 0.69
A429: Carnes y embutidos | B429: Cerdo, carne de costilla, cocido | C429: Pork, ribs steak, cooked | D429: 100 | E429: =$D429*TCA!E429/100 -> 363.26 | F429: =$D429*TCA!F429/100 -> 24.26 | G429: =$D429*TCA!G429/100 -> 29.58 | H429: =$D429*TCA!H429/100 -> 0 | I429: =$D429*TCA!I429/100 -> 0 | J429: =$D429*TCA!J429/100 -> 10.99 | K429: =$D429*TCA!K429/100 -> 13.46 | L429: =$D429*TCA!L429/100 -> 2.32 | ... O429: =$D429*TCA!O429/100 -> 195 | P429: =O429/F429 -> 8.0379225 | Q429: =$D429*TCA!P429/100 -> 1.38 | R429: =$D429*TCA!Q429/100 -> 315 | S429: =$D429*TCA!R429/100 -> 101 | T429: =$D429*TCA!S429/100 -> 3.37 | U429: =$D429*TCA!T429/100 -> 0 | V429: =$D429*TCA!U429/100 -> 3 | W429: =$D429*TCA!V429/100 -> 3 | X429: =$D429*TCA!W429/100 -> 0.64
... A540: Carnes y embutidos | B540: Venado, carne, fresca, cruda | C540: Deer, meat, fresh, raw | D540: 100 | E540: =$D540*TCA!E540/100 -> 104.4 | F540: =$D540*TCA!F540/100 -> 22.9 | G540: =$D540*TCA!G540/100 -> 0.8 | H540: =$D540*TCA!H540/100 -> 1.4 | I540: =$D540*TCA!I540/100 -> 0 | J540: =$D540*TCA!J540/100 -> 0 | K540: =$D540*TCA!K540/100 -> 0 | L540: =$D540*TCA!L540/100 -> 0 | ... O540: =$D540*TCA!O540/100 -> 2 | P540: =O540/F540 -> 0.087336245 | Q540: =$D540*TCA!P540/100 -> 0 | R540: =$D540*TCA!Q540/100 -> 0 | S540: =$D540*TCA!R540/100 -> 0 | T540: =$D540*TCA!S540/100 -> 0 | U540: =$D540*TCA!T540/100 -> 0 | V540: =$D540*TCA!U540/100 -> 0 | W540: =$D540*TCA!V540/100 -> 0 | X540: =$D540*TCA!W540/100 -> 0
D541: 100
A542: Pescados y mariscos | B542: Almejas, crudas | C542: Clam, mixed species, raw | D542: 100 | E542: =$D542*TCA!E542/100 -> 70.09 | F542: =$D542*TCA!F542/100 -> 12.77 | G542: =$D542*TCA!G542/100 -> 0.97 | H542: =$D542*TCA!H542/100 -> 2.57 | I542: =$D542*TCA!I542/100 -> 0 | J542: =$D542*TCA!J542/100 -> 0.09 | K542: =$D542*TCA!K542/100 -> 0.08 | L542: =$D542*TCA!L542/100 -> 0.28 | ... O542: =$D542*TCA!O542/100 -> 169 | P542: =O542/F542 -> 13.234143 | Q542: =$D542*TCA!P542/100 -> 13.98 | R542: =$D542*TCA!Q542/100 -> 314 | S542: =$D542*TCA!R542/100 -> 56 | T542: =$D542*TCA!S542/100 -> 1.37 | U542: =$D542*TCA!T542/100 -> 13 | V542: =$D542*TCA!U542/100 -> 90 | W542: =$D542*TCA!V542/100 -> 16 | X542: =$D542*TCA!W542/100 -> 49.44
A543: Pescados y mariscos | B543: Atún, blanco, albacora, crudo | C543: Albacora tuna, raw | D543: 100 | E543: =$D543*TCA!E543/100 -> 116.07 | F543: =$D543*TCA!F543/100 -> 23.46 | G543: =$D543*TCA!G543/100 -> 2.47 | H543: =$D543*TCA!H543/100 -> 0 | I543: =$D543*TCA!I543/100 -> 0 | J543: =$D543*TCA!J543/100 -> 0.62 | K543: =$D543*TCA!K543/100 -> 0 | L543: =$D543*TCA!L543/100 -> 0 | ... O543: =$D543*TCA!O543/100 -> 0 | P543: =O543/F543 -> 0 | Q543: =$D543*TCA!P543/100 -> 1.33 | R543: =$D543*TCA!Q543/100 -> 0 | S543: =$D543*TCA!R543/100 -> 259 | T543: =$D543*TCA!S543/100 -> 0 | U543: =$D543*TCA!T543/100 -> 0 | V543: =$D543*TCA!U543/100 -> 0 | W543: =$D543*TCA!V543/100 -> 0 | X543: =$D543*TCA!W543/100 -> 0
A544: Pescados y mariscos | B544: Atún, en aceite, enlatado, promedio | C544: Tuna, in oil, canned, average | D544: 100 | E544: =$D544*TCA!E544/100 -> 178.84 | F544: =$D544*TCA!F544/100 -> 26.53 | G544: =$D544*TCA!G544/100 -> 8.08 | H544: =$D544*TCA!H544/100 -> 0 | I544: =$D544*TCA!I544/100 -> 0 | J544: =$D544*TCA!J544/100 -> 1.28 | K544: =$D544*TCA!K544/100 -> 3.26 | L544: =$D544*TCA!L544/100 -> 2.97 | ... O544: =$D544*TCA!O544/100 -> 267 | P544: =O544/F544 -> 10.064078 | Q544: =$D544*TCA!P544/100 -> 0.65 | R544: =$D544*TCA!Q544/100 -> 333 | S544: =$D544*TCA!R544/100 -> 396 | T544: =$D544*TCA!S544/100 -> 0.47 | U544: =$D544*TCA!T544/100 -> 0 | V544: =$D544*TCA!U544/100 -> 5 | W544: =$D544*TCA!V544/100 -> 5 | X544: =$D544*TCA!W544/100 -> 2.2
A545: Pescados y mariscos | B545: Atún, en agua, enlatado, promedio | C545: Tuna, in water, canned, average | D545: 100 | E545: =$D545*TCA!E545/100 -> 121.21 | F545: =$D545*TCA!F545/100 -> 23.62 | G545: =$D545*TCA!G545/100 -> 2.97 | H545: =$D545*TCA!H545/100 -> 0 | I545: =$D545*TCA!I545/100 -> 0 | J545: =$D545*TCA!J545/100 -> 0.79 | K545: =$D545*TCA!K545/100 -> 0.78 | L545: =$D545*TCA!L545/100 -> 1.11 | ... O545: =$D545*TCA!O545/100 -> 217 | P545: =O545/F545 -> 9.1871296 | Q545: =$D545*TCA!P545/100 -> 0.97 | R545: =$D545*TCA!Q545/100 -> 237 | S545: =$D545*TCA!R545/100 -> 377 | T545: =$D545*TCA!S545/100 -> 0.48 | U545: =$D545*TCA!T545/100 -> 0 | V545: =$D545*TCA!U545/100 -> 6 | W545: =$D545*TCA!V545/100 -> 2 | X545: =$D545*TCA!W545/100 -> 1.17
A546: Pescados y mariscos | B546: Atún, en agua, enlatado, sin sal | C546: Tuna, in water, canned, without salt | D546: 100 | E546: =$D546*TCA!E546/100 -> 109.42 | F546: =$D546*TCA!F546/100 -> 25.51 | G546: =$D546*TCA!G546/100 -> 0.82 | H546: =$D546*TCA!H546/100 -> 0 | I546: =$D546*TCA!I546/100 -> 0 | J546: =$D546*TCA!J546/100 -> 0.23 | K546: =$D546*TCA!K546/100 -> 0.16 | L546: =$D546*TCA!L546/100 -> 0.34 | ... O546: =$D546*TCA!O546/100 -> 163 | P546: =O546/F546 -> 6.3896511 | Q546: =$D546*TCA!P546/100 -> 1.53 | R546: =$D546*TCA!Q546/100 -> 237 | S546: =$D546*TCA!R546/100 -> 50 | T546: =$D546*TCA!S546/100 -> 0.77 | U546: =$D546*TCA!T546/100 -> 0 | V546: =$D546*TCA!U546/100 -> 16.8 | W546: =$D546*TCA!V546/100 -> 4 | X546: =$D546*TCA!W546/100 -> 2.99
A547: Pescados y mariscos | B547: Atún, lomitos, en aceite, girasol, Isabel | C547: Tuna, tenderloins, in sunflower oil, Isabel | D547: 100 | E547: =$D547*TCA!E547/100 -> 207.27 | F547: =$D547*TCA!F547/100 -> 27.27 | G547: =$D547*TCA!G547/100 -> 10.91 | H547: =$D547*TCA!H547/100 -> 0 | I547: =$D547*TCA!I547/100 -> 0 | J547: =$D547*TCA!J547/100 -> 1.82 | K547: =$D547*TCA!K547/100 -> 1.82 | L547: =$D547*TCA!L547/100 -> 5.45 | ... O547: =$D547*TCA!O547/100 -> 0 | P547: =O547/F547 -> 0 | Q547: =$D547*TCA!P547/100 -> 0 | R547: =$D547*TCA!Q547/100 -> 0 | S547: =$D547*TCA!R547/100 -> 472.73 | T547: =$D547*TCA!S547/100 -> 0 | U547: =$D547*TCA!T547/100 -> 0 | V547: =$D547*TCA!U547/100 -> 0 | W547: =$D547*TCA!V547/100 -> 0 | X547: =$D547*TCA!W547/100 -> 0
A548: Pescados y mariscos | B548: Ayanque, cachema | C548: Ayanque, cachema, fish | D548: 100 | E548: =$D548*TCA!E548/100 -> 82.9 | F548: =$D548*TCA!F548/100 -> 19.6 | G548: =$D548*TCA!G548/100 -> 0.5 | H548: =$D548*TCA!H548/100 -> 0 | I548: =$D548*TCA!I548/100 -> 0 | J548: =$D548*TCA!J548/100 -> 0 | K548: =$D548*TCA!K548/100 -> 0 | L548: =$D548*TCA!L548/100 -> 0 | ... O548: =$D548*TCA!O548/100 -> 240 | P548: =O548/F548 -> 12.244898 | Q548: =$D548*TCA!P548/100 -> 0.3 | R548: =$D548*TCA!Q548/100 -> 0 | S548: =$D548*TCA!R548/100 -> 0 | T548: =$D548*TCA!S548/100 -> 0 | U548: =$D548*TCA!T548/100 -> 4.7 | V548: =$D548*TCA!U548/100 -> 0 | W548: =$D548*TCA!V548/100 -> 0 | X548: =$D548*TCA!W548/100 -> 0
A549: Pescados y mariscos | B549: Bacalao, seco y salado | C549: Cod, atlantic, dried and salted | D549: 100 | E549: =$D549*TCA!E549/100 -> 272.61 | F549: =$D549*TCA!F549/100 -> 62.82 | G549: =$D549*TCA!G549/100 -> 2.37 | H549: =$D549*TCA!H549/100 -> 0 | I549: =$D549*TCA!I549/100 -> 0 | J549: =$D549*TCA!J549/100 -> 0.46 | K549: =$D549*TCA!K549/100 -> 0.34 | L549: =$D549*TCA!L549/100 -> 0.8 | ... O549: =$D549*TCA!O549/100 -> 950 | P549: =O549/F549 -> 15.122572 | Q549: =$D549*TCA!P549/100 -> 2.5 | R549: =$D549*TCA!Q549/100 -> 1458 | S549: =$D549*TCA!R549/100 -> 7027 | T549: =$D549*TCA!S549/100 -> 1.59 | U549: =$D549*TCA!T549/100 -> 4 | V549: =$D549*TCA!U549/100 -> 42 | W549: =$D549*TCA!V549/100 -> 25 | X549: =$D549*TCA!W549/100 -> 10
A550: Pescados y mariscos | B550: Bagre, fresco, crudo | C550: Catfish, wild, fresh, raw | D550: 100 | E550: =$D550*TCA!E550/100 -> 90.9 | F550: =$D550*TCA!F550/100 -> 16.38 | G550: =$D550*TCA!G550/100 -> 2.82 | H550: =$D550*TCA!H550/100 -> 0 | I550: =$D550*TCA!I550/100 -> 0 | J550: =$D550*TCA!J550/100 -> 0.72 | K550: =$D550*TCA!K550/100 -> 0.84 | L550: =$D550*TCA!L550/100 -> 0.87 | ... O550: =$D550*TCA!O550/100 -> 209 | P550: =O550/F550 -> 12.759463 | Q550: =$D550*TCA!P550/100 -> 0.3 | R550: =$D550*TCA!Q550/100 -> 358 | S550: =$D550*TCA!R550/100 -> 43 | T550: =$D550*TCA!S550/100 -> 0.51 | U550: =$D550*TCA!T550/100 -> 1 | V550: =$D550*TCA!U550/100 -> 15 | W550: =$D550*TCA!V550/100 -> 10 | X550: =$D550*TCA!W550/100 -> 2.23
A551: Pescados y mariscos | B551: Banderon, fresco, crudo | C551: Swordfish, fresh, raw | D551: 100 | E551: =$D551*TCA!E551/100 -> 138.49 | F551: =$D551*TCA!F551/100 -> 19.66 | G551: =$D551*TCA!G551/100 -> 6.65 | H551: =$D551*TCA!H551/100 -> 0 | I551: =$D551*TCA!I551/100 -> 0 | J551: =$D551*TCA!J551/100 -> 1.61 | K551: =$D551*TCA!K551/100 -> 3 | L551: =$D551*TCA!L551/100 -> 1.15 | ... O551: =$D551*TCA!O551/100 -> 255 | P551: =O551/F551 -> 12.970498 | Q551: =$D551*TCA!P551/100 -> 0.38 | R551: =$D551*TCA!Q551/100 -> 418 | S551: =$D551*TCA!R551/100 -> 81 | T551: =$D551*TCA!S551/100 -> 0.66 | U551: =$D551*TCA!T551/100 -> 0 | V551: =$D551*TCA!U551/100 -> 36 | W551: =$D551*TCA!V551/100 -> 2 | X551: =$D551*TCA!W551/100 -> 1.7
A552: Pescados y mariscos | B552: Bonito, fresco, crudo | C552: Bluefin, fresh, raw | D552: 100 | E552: =$D552*TCA!E552/100 -> 161.7 | F552: =$D552*TCA!F552/100 -> 24 | G552: =$D552*TCA!G552/100 -> 7.3 | H552: =$D552*TCA!H552/100 -> 0 | I552: =$D552*TCA!I552/100 -> 0 | J552: =$D552*TCA!J552/100 -> 0 | K552: =$D552*TCA!K552/100 -> 0 | L552: =$D552*TCA!L552/100 -> 0 | ... O552: =$D552*TCA!O552/100 -> 0 | P552: =O552/F552 -> 0 | Q552: =$D552*TCA!P552/100 -> 0.7 | R552: =$D552*TCA!Q552/100 -> 293 | S552: =$D552*TCA!R552/100 -> 40 | T552: =$D552*TCA!S552/100 -> 0.3 | U552: =$D552*TCA!T552/100 -> 0 | V552: =$D552*TCA!U552/100 -> 0 | W552: =$D552*TCA!V552/100 -> 0 | X552: =$D552*TCA!W552/100 -> 0
A553: Pescados y mariscos | B553: Caballa, fresco | C553: Caballa, fresh | D553: 100 | E553: =$D553*TCA!E553/100 -> 122.1 | F553: =$D553*TCA!F553/100 -> 19.5 | G553: =$D553*TCA!G553/100 -> 4.9 | H553: =$D553*TCA!H553/100 -> 0 | I553: =$D553*TCA!I553/100 -> 0 | J553: =$D553*TCA!J553/100 -> 0 | K553: =$D553*TCA!K553/100 -> 0 | L553: =$D553*TCA!L553/100 -> 0 | ... O553: =$D553*TCA!O553/100 -> 0 | P553: =O553/F553 -> 0 | Q553: =$D553*TCA!P553/100 -> 0 | R553: =$D553*TCA!Q553/100 -> 0 | S553: =$D553*TCA!R553/100 -> 0 | T553: =$D553*TCA!S553/100 -> 0 | U553: =$D553*TCA!T553/100 -> 0 | V553: =$D553*TCA!U553/100 -> 0 | W553: =$D553*TCA!V553/100 -> 0 | X553: =$D553*TCA!W553/100 -> 0
... A585: Pescados y mariscos | B585: Trucha, fresca, cruda | C585: Trout, mixed species, fresca, raw | D585: 100 | E585: =$D585*TCA!E585/100 -> 142.57 | F585: =$D585*TCA!F585/100 -> 20.77 | G585: =$D585*TCA!G585/100 -> 6.61 | H585: =$D585*TCA!H585/100 -> 0 | I585: =$D585*TCA!I585/100 -> 0 | J585: =$D585*TCA!J585/100 -> 1.15 | K585: =$D585*TCA!K585/100 -> 3.25 | L585: =$D585*TCA!L585/100 -> 1.5 | ... O585: =$D585*TCA!O585/100 -> 245 | P585: =O585/F585 -> 11.795859 | Q585: =$D585*TCA!P585/100 -> 1.5 | R585: =$D585*TCA!Q585/100 -> 361 | S585: =$D585*TCA!R585/100 -> 52 | T585: =$D585*TCA!S585/100 -> 0.66 | U585: =$D585*TCA!T585/100 -> 1 | V585: =$D585*TCA!U585/100 -> 17 | W585: =$D585*TCA!V585/100 -> 13 | X585: =$D585*TCA!W585/100 -> 7.79
D586: 100
A587: Lácteos | B587: Crema agria, promedio | C587: Sourcream, average | D587: 100 | E587: =$D587*TCA!E587/100 -> 175 | F587: =$D587*TCA!F587/100 -> 3.33 | G587: =$D587*TCA!G587/100 -> 15 | H587: =$D587*TCA!H587/100 -> 6.67 | I587: =$D587*TCA!I587/100 -> 0 | J587: =$D587*TCA!J587/100 -> 3.33 | K587: =$D587*TCA!K587/100 -> 0 | L587: =$D587*TCA!L587/100 -> 0 | ... O587: =$D587*TCA!O587/100 -> 0 | P587: =O587/F587 -> 0 | Q587: =$D587*TCA!P587/100 -> 0 | R587: =$D587*TCA!Q587/100 -> 0 | S587: =$D587*TCA!R587/100 -> 133 | T587: =$D587*TCA!S587/100 -> 0 | U587: =$D587*TCA!T587/100 -> 0 | V587: =$D587*TCA!U587/100 -> 0 | W587: =$D587*TCA!V587/100 -> 0 | X587: =$D587*TCA!W587/100 -> 0
...

Sheet MUJER
A1: MUJER
A2: Peso kg | B2: 82
A3: Talla | B3: 160 | L3: DESAYUNO | T3: DESAYUNO
A4: IMC | B4: =B2/((B3*0.01)^2) -> 32.03125 | E4: Nutrimento | F4: % | G4: Energía Kcal | H4: Gramos | O4: CHO (g) | P4: Prot (g) | Q4: Grasas (g) | W4: LUNES | Y4: MARTES | AA4: MIERCOLES | AC4: JUEVES | AE4: VIERNES
A5: Edad | B5: 42 | E5: CHO | F5: =100-F6-F7 -> 51.079347 | G5: =(C10*F5)/100 -> 700.4 | H5: =G5/4 -> 175.1 | L5: Grupo de alimento | M5: Subgrupo | N5: # de raciones de intercambio | O5: =G15 -> 50.028571 | P5: =H15 -> 23.428571 | Q5: =I15 -> 10.88254 | T5: Grupo de alimento | U5: Subgrupo | V5: # | W5: Descripción (alimento) | X5: Cantidad | Y5: Descripción (alimento) | Z5: Cantidad | AA5: Descripción (alimento) | AB5: Cantidad | AC5: Descripción (alimento) | AD5: Cantidad | AE5: Descripción (alimento) | AF5: Cantidad
A6: Kcal Extra | B6: 0 | E6: Proteínas | F6: =(G6*100)/C10 -> 23.920653 | G6: =H6*4 -> 328 | H6: =B2*B14 -> 82 | L6: Cereales, tuberculos y plátanos | M6: Altos en CHO y bajos en grasas | N6: 1 | O6: =VLOOKUP($M6,FORMULAS!$O$6:$P$8,2,FALSE)*N6 -> 30 | P6: =VLOOKUP($M6,FORMULAS!$O$6:$Q$8,3,FALSE)*N6 -> 4 | Q6: =VLOOKUP($M6,FORMULAS!$O$6:$R$8,4,FALSE)*N6 -> 1 | T6: Cereales, tuberculos y plátanos | U6: =M6 -> Altos en CHO y bajos en grasas | V6: =N6 -> 1
E7: Lípidos | F7: 25 | G7: =(C10*F7)/100 -> 342.8 | H7: =G7/9 -> 38.088889 | M7: Medios en CHO y bajos en grasas | N7: 0 | O7: =VLOOKUP($M7,FORMULAS!$O$6:$P$8,2,FALSE)*N7 -> 0 | P7: =VLOOKUP($M7,FORMULAS!$O$6:$Q$8,3,FALSE)*N7 -> 0 | Q7: =VLOOKUP($M7,FORMULAS!$O$6:$R$8,4,FALSE)*N7 -> 0 | U7: =M7 -> Medios en CHO y bajos en grasas | V7: =N7 -> 0
E8: Total | F8: =SUM(F5:F7) -> 100 | G8: =SUM(G5:G7) -> 1371.2 | H8: =SUM(H5:H7) -> 295.18889 | L8: Frutas | M8: Medias en CHO | N8: 0 | O8: =VLOOKUP($M8,FORMULAS!$O$9:$P$11,2,FALSE)*N8 -> 0 | P8: =VLOOKUP($M8,FORMULAS!$O$9:$Q$11,3,FALSE)*N8 -> 0 | Q8: =VLOOKUP($M8,FORMULAS!$O$9:$R$11,4,FALSE)*N8 -> 0 | T8: Frutas | U8: =M8 -> Medias en CHO | V8: =N8 -> 0
A9: GET | M9: Bajas en CHO | N9: 2 | O9: =VLOOKUP($M9,FORMULAS!$O$9:$P$11,2,FALSE)*N9 -> 20 | P9: =VLOOKUP($M9,FORMULAS!$O$9:$Q$11,3,FALSE)*N9 -> 2 | Q9: =VLOOKUP($M9,FORMULAS!$O$9:$R$11,4,FALSE)*N9 -> 0 | U9: =M9 -> Bajas en CHO | V9: =N9 -> 2
A10: Mujer | B10: mifflin | C10: 1371.2 | L10: Vegetales | M10: Bajos en CHO | N10: 0 | O10: =VLOOKUP($M10,FORMULAS!$O$12:$P$13,2,FALSE)*N10 -> 0 | P10: =VLOOKUP($M10,FORMULAS!$O$12:$Q$13,3,FALSE)*N10 -> 0 | Q10: =VLOOKUP($M10,FORMULAS!$O$12:$R$13,4,FALSE)*N10 -> 0 | T10: Vegetales | U10: =M10 -> Bajos en CHO | V10: =N10 -> 0
M11: Libre consumo | N11: 0 | O11: =VLOOKUP($M11,FORMULAS!$O$12:$P$13,2,FALSE)*N11 -> 0 | P11: =VLOOKUP($M11,FORMULAS!$O$12:$Q$13,3,FALSE)*N11 -> 0 | Q11: =VLOOKUP($M11,FORMULAS!$O$12:$R$13,4,FALSE)*N11 -> 0 | U11: =M11 -> Libre consumo | V11: =N11 -> 0
E12: Distribución de Alimentos | L12: Lácteos | M12: Enteros - altos en grasas | N12: 0 | O12: =VLOOKUP($M12,FORMULAS!$O$14:$P$18,2,FALSE)*N12 -> 0 | P12: =VLOOKUP($M12,FORMULAS!$O$14:$Q$18,3,FALSE)*N12 -> 0 | Q12: =VLOOKUP($M12,FORMULAS!$O$14:$R$18,4,FALSE)*N12 -> 0 | T12: Lácteos | U12: =M12 -> Enteros - altos en grasas | V12: =N12 -> 0
A13: Proteína g/kg/día | E13: # de fraccionamiento | I13: 7 | M13: Descremados y altos en CHO | N13: 1 | O13: =VLOOKUP($M13,FORMULAS!$O$14:$P$18,2,FALSE)*N13 -> 25 | P13: =VLOOKUP($M13,FORMULAS!$O$14:$Q$18,3,FALSE)*N13 -> 6 | Q13: =VLOOKUP($M13,FORMULAS!$O$14:$R$18,4,FALSE)*N13 -> 3 | U13: =M13 -> Descremados y altos en CHO | V13: =N13 -> 1
A14: Hipoproteico (g) | B14: =_xlfn.XLOOKUP(A14,FORMULAS!G23:G26,FORMULAS!H23:H26,"ROTO") -> 1 | E14: Tiempos de comida | F14: Fraccion | G14: CHO (g) | H14: Proteinas (g) | I14: Lipidos (g) | L14: Carnes, pescados y huevos | M14: Medios en grasas | N14: 1 | O14: =VLOOKUP($M14,FORMULAS!$O$19:$P$22,2,FALSE)*N14 -> 0 | P14: =VLOOKUP($M14,FORMULAS!$O$19:$Q$22,3,FALSE)*N14 -> 11 | Q14: =VLOOKUP($M14,FORMULAS!$O$19:$R$22,4,FALSE)*N14 -> 7 | T14: Carnes, pescados y huevos | U14: =M14 -> Medios en grasas | V14: =N14 -> 1
E15: Desayuno | F15: 2 | G15: =($H$5*$F15)/$I$13 -> 50.028571 | H15: =($H$6*$F15)/$I$13 -> 23.428571 | I15: =($H$7*$F15)/$I$13 -> 10.88254 | M15: Bajos en grasas | N15: 0 | O15: =VLOOKUP($M15,FORMULAS!$O$19:$P$22,2,FALSE)*N15 -> 0 | P15: =VLOOKUP($M15,FORMULAS!$O$19:$Q$22,3,FALSE)*N15 -> 0 | Q15: =VLOOKUP($M15,FORMULAS!$O$19:$R$22,4,FALSE)*N15 -> 0 | U15: =M15 -> Bajos en grasas | V15: =N15 -> 0
E16: Media mañana | F16: 1 | G16: =($H$5*$F16)/$I$13 -> 25.014286 | H16: =($H$6*$F16)/$I$13 -> 11.714286 | I16: =($H$7*$F16)/$I$13 -> 5.4412698 | M16: Embutidos | N16: 0 | O16: =VLOOKUP($M16,FORMULAS!$O$19:$P$22,2,FALSE)*N16 -> 0 | P16: =VLOOKUP($M16,FORMULAS!$O$19:$Q$22,3,FALSE)*N16 -> 0 | Q16: =VLOOKUP($M16,FORMULAS!$O$19:$R$22,4,FALSE)*N16 -> 0 | U16: =M16 -> Embutidos | V16: =N16 -> 0
A17: Deficit calorico | E17: Almuerzo | F17: 2 | G17: =($H$5*$F17)/$I$13 -> 50.028571 | H17: =($H$6*$F17)/$I$13 -> 23.428571 | I17: =($H$7*$F17)/$I$13 -> 10.88254 | L17: Leguminosas | M17: Leguminosas | N17: 0 | O17: =VLOOKUP($M17,FORMULAS!$O$23:$P$23,2,FALSE)*N17 -> 0 | P17: =VLOOKUP($M17,FORMULAS!$O$23:$Q$23,3,FALSE)*N17 -> 0 | Q17: =VLOOKUP($M17,FORMULAS!$O$23:$R$23,4,FALSE)*N17 -> 0 | T17: Leguminosas | U17: =M17 -> Leguminosas | V17: =N17 -> 0
A18: Obj en meses | B18: 4 | E18: Media tarde | F18: 1 | G18: =($H$5*$F18)/$I$13 -> 25.014286 | H18: =($H$6*$F18)/$I$13 -> 11.714286 | I18: =($H$7*$F18)/$I$13 -> 5.4412698 | L18: Grasas y frutos secos | M18: Altos en grasas y bajos en CHO | N18: 0 | O18: =VLOOKUP($M18,FORMULAS!$O$24:$P$27,2,FALSE)*N18 -> 0 | P18: =VLOOKUP($M18,FORMULAS!$O$24:$Q$27,3,FALSE)*N18 -> 0 | Q18: =VLOOKUP($M18,FORMULAS!$O$24:$R$27,4,FALSE)*N18 -> 0 | T18: Grasas y frutos secos | U18: =M18 -> Altos en grasas y bajos en CHO | V18: =N18 -> 0
A19: Semanas | B19: =B18*4 -> 16 | E19: Merienda | F19: 1 | G19: =($H$5*$F19)/$I$13 -> 25.014286 | H19: =($H$6*$F19)/$I$13 -> 11.714286 | I19: =($H$7*$F19)/$I$13 -> 5.4412698 | M19: Medios en grasas y bajor en CHO | N19: 1 | O19: =VLOOKUP($M19,FORMULAS!$O$24:$P$27,2,FALSE)*N19 -> 12 | P19: =VLOOKUP($M19,FORMULAS!$O$24:$Q$27,3,FALSE)*N19 -> 2 | Q19: =VLOOKUP($M19,FORMULAS!$O$24:$R$27,4,FALSE)*N19 -> 7 | U19: =M19 -> Medios en grasas y bajor en CHO | V19: =N19 -> 1
A20: % de pérdida | B20: 0.1 | E20: TOTAL | F20: =SUM(F15:F19) -> 7 | G20: =SUM(G15:G19) -> 175.1 | H20: =SUM(H15:H19) -> 82 | I20: =SUM(I15:I19) -> 38.088889 | L20: Azúcares y alimentos azucarados | M20: Azucares y alimentos azucarados | N20: 0 | O20: =VLOOKUP($M20,FORMULAS!$O$28:$P$28,2,FALSE)*N20 -> 0 | P20: =VLOOKUP($M20,FORMULAS!$O$28:$Q$28,3,FALSE)*N20 -> 0 | Q20: =VLOOKUP($M20,FORMULAS!$O$28:$R$28,4,FALSE)*N20 -> 0 | T20: Azúcares y alimentos azucarados | U20: =M20 -> Azucares y alimentos azucarados | V20: =N20 -> 0
A21: ¿? Kg pierde | B21: =B2*B20 -> 8.2 | N21: TOTAL | O21: =SUM(O6:O20) -> 87 | P21: =SUM(P6:P20) -> 25 | Q21: =SUM(Q6:Q20) -> 18 | U21: DETALLES
A22: Peso ideal | B22: =B2-B21 -> 73.8 | N22: BALANCE | O22: =O21-O5 -> 36.971429 | P22: =P21-P5 -> 1.5714286 | Q22: =Q21-Q5 -> 7.1174603
A23: Kcal para def | B23: =((B21*7000)/B19)/7 -> 512.5 | E23: Nutrimento | F23: 0.95 | G23: Real | H23: 1.05 | I23: % Adecuacion
A24: Kcal recomend | B24: =C10-B23 -> 858.7 | E24: CHO | F24: =G20*F23 -> 166.345 | G24: =SUMIF($N:$N,$N$21,$O:$O) -> 301 | H24: =G20*H23 -> 183.855 | I24: =G24/G20 -> 1.7190177
E25: Proteínas | F25: =H20*F23 -> 77.9 | G25: =SUMIF($N:$N,$N$21,$P:$P) -> 87.75 | H25: =H20*H23 -> 86.1 | I25: =G25/H20 -> 1.070122 | L25: MEDIA MAÑANA | T25: MEDIA MAÑANA
E26: Lípidos | F26: =I20*F23 -> 36.184444 | G26: =SUMIF($N:$N,$N$21,$Q:$Q) -> 70.25 | H26: =I20*H23 -> 39.993333 | I26: =G26/I20 -> 1.8443699 | O26: CHO (g) | P26: Prot (g) | Q26: Grasas (g) | W26: LUNES | Y26: MARTES | AA26: MIERCOLES | AC26: JUEVES | AE26: VIERNES
L27: Grupo de alimento | M27: Subgrupo | N27: # de raciones de intercambio | O27: =G16-O22 -> -11.957143 | P27: =H16-P22 -> 10.142857 | Q27: =I16-Q22 -> -1.6761905 | T27: Grupo de alimento | U27: Subgrupo | V27: # | W27: Descripción (alimento) | X27: Cantidad | Y27: Descripción (alimento) | Z27: Cantidad | AA27: Descripción (alimento) | AB27: Cantidad | AC27: Descripción (alimento) | AD27: Cantidad | AE27: Descripción (alimento) | AF27: Cantidad
L28: Cereales, tuberculos y plátanos | M28: Altos en CHO y bajos en grasas | N28: 0.5 | O28: =VLOOKUP($M28,FORMULAS!$O$6:$P$8,2,FALSE)*N28 -> 15 | P28: =VLOOKUP($M28,FORMULAS!$O$6:$Q$8,3,FALSE)*N28 -> 2 | Q28: =VLOOKUP($M28,FORMULAS!$O$6:$R$8,4,FALSE)*N28 -> 0.5 | T28: Cereales, tuberculos y plátanos | U28: =M28 -> Altos en CHO y bajos en grasas | V28: =N28 -> 0.5
M29: Medios en CHO y bajos en grasas | N29: 0 | O29: =VLOOKUP($M29,FORMULAS!$O$6:$P$8,2,FALSE)*N29 -> 0 | P29: =VLOOKUP($M29,FORMULAS!$O$6:$Q$8,3,FALSE)*N29 -> 0 | Q29: =VLOOKUP($M29,FORMULAS!$O$6:$R$8,4,FALSE)*N29 -> 0 | U29: =M29 -> Medios en CHO y bajos en grasas | V29: =N29 -> 0
E30: CHO | F30: 50% Cereales | G30: 10% Azucar | L30: Frutas | M30: Medias en CHO | N30: 0.5 | O30: =VLOOKUP($M30,FORMULAS!$O$9:$P$11,2,FALSE)*N30 -> 10 | P30: =VLOOKUP($M30,FORMULAS!$O$9:$Q$11,3,FALSE)*N30 -> 0.5 | Q30: =VLOOKUP($M30,FORMULAS!$O$9:$R$11,4,FALSE)*N30 -> 0 | T30: Frutas | U30: =M30 -> Medias en CHO | V30: =N30 -> 0.5
E31: Teorico | F31: =H5/2 -> 87.55 | G31: =H5*10/100 -> 17.51 | M31: Bajas en CHO | N31: 0 | O31: =VLOOKUP($M31,FORMULAS!$O$9:$P$11,2,FALSE)*N31 -> 0 | P31: =VLOOKUP($M31,FORMULAS!$O$9:$Q$11,3,FALSE)*N31 -> 0 | Q31: =VLOOKUP($M31,FORMULAS!$O$9:$R$11,4,FALSE)*N31 -> 0 | U31: =M31 -> Bajas en CHO | V31: =N31 -> 0
E32: Real | F32: =SUMIF($L:$L,$L$6,$O:$O) -> 105 | G32: =SUMIF($M:$M,$M$108,$O:$O) -> 30 | L32: Vegetales | M32: Bajos en CHO | N32: 0 | O32: =VLOOKUP($M32,FORMULAS!$O$12:$P$13,2,FALSE)*N32 -> 0 | P32: =VLOOKUP($M32,FORMULAS!$O$12:$Q$13,3,FALSE)*N32 -> 0 | Q32: =VLOOKUP($M32,FORMULAS!$O$12:$R$13,4,FALSE)*N32 -> 0 | T32: Vegetales | U32: =M32 -> Bajos en CHO | V32: =N32 -> 0
M33: Libre consumo | N33: 0 | O33: =VLOOKUP($M33,FORMULAS!$O$12:$P$13,2,FALSE)*N33 -> 0 | P33: =VLOOKUP($M33,FORMULAS!$O$12:$Q$13,3,FALSE)*N33 -> 0 | Q33: =VLOOKUP($M33,FORMULAS!$O$12:$R$13,4,FALSE)*N33 -> 0 | U33: =M33 -> Libre consumo | V33: =N33 -> 0
L34: Lácteos | M34: Descremados - bajos en grasas | N34: 0 | O34: =VLOOKUP($M34,FORMULAS!$O$14:$P$18,2,FALSE)*N34 -> 0 | P34: =VLOOKUP($M34,FORMULAS!$O$14:$Q$18,3,FALSE)*N34 -> 0 | Q34: =VLOOKUP($M34,FORMULAS!$O$14:$R$18,4,FALSE)*N34 -> 0 | T34: Lácteos | U34: =M34 -> Descremados - bajos en grasas | V34: =N34 -> 0
M35: Semidescremados - medios en grasas | N35: 1 | O35: =VLOOKUP($M35,FORMULAS!$O$14:$P$18,2,FALSE)*N35 -> 11 | P35: =VLOOKUP($M35,FORMULAS!$O$14:$Q$18,3,FALSE)*N35 -> 8 | Q35: =VLOOKUP($M35,FORMULAS!$O$14:$R$18,4,FALSE)*N35 -> 4 | U35: =M35 -> Semidescremados - medios en grasas | V35: =N35 -> 1
L36: Carnes, pescados y huevos | M36: Medios en grasas | N36: 0 | O36: =VLOOKUP($M36,FORMULAS!$O$19:$P$22,2,FALSE)*N36 -> 0 | P36: =VLOOKUP($M36,FORMULAS!$O$19:$Q$22,3,FALSE)*N36 -> 0 | Q36: =VLOOKUP($M36,FORMULAS!$O$19:$R$22,4,FALSE)*N36 -> 0 | T36: Carnes, pescados y huevos | U36: =M36 -> Medios en grasas | V36: =N36 -> 0
M37: Bajos en grasas | N37: 0 | O37: =VLOOKUP($M37,FORMULAS!$O$19:$P$22,2,FALSE)*N37 -> 0 | P37: =VLOOKUP($M37,FORMULAS!$O$19:$Q$22,3,FALSE)*N37 -> 0 | Q37: =VLOOKUP($M37,FORMULAS!$O$19:$R$22,4,FALSE)*N37 -> 0 | U37: =M37 -> Bajos en grasas | V37: =N37 -> 0
M38: Embutidos | N38: 0 | O38: =VLOOKUP($M38,FORMULAS!$O$19:$P$22,2,FALSE)*N38 -> 0 | P38: =VLOOKUP($M38,FORMULAS!$O$19:$Q$22,3,FALSE)*N38 -> 0 | Q38: =VLOOKUP($M38,FORMULAS!$O$19:$R$22,4,FALSE)*N38 -> 0 | U38: =M38 -> Embutidos | V38: =N38 -> 0
L39: Leguminosas | M39: Leguminosas | N39: 0 | O39: =VLOOKUP($M39,FORMULAS!$O$23:$P$23,2,FALSE)*N39 -> 0 | P39: =VLOOKUP($M39,FORMULAS!$O$23:$Q$23,3,FALSE)*N39 -> 0 | Q39: =VLOOKUP($M39,FORMULAS!$O$23:$R$23,4,FALSE)*N39 -> 0 | T39: Leguminosas | U39: =M39 -> Leguminosas | V39: =N39 -> 0
L40: Grasas y frutos secos | M40: Altos en grasas y bajos en CHO | N40: 0.5 | O40: =VLOOKUP($M40,FORMULAS!$O$24:$P$27,2,FALSE)*N40 -> 4 | P40: =VLOOKUP($M40,FORMULAS!$O$24:$Q$27,3,FALSE)*N40 -> 2 | Q40: =VLOOKUP($M40,FORMULAS!$O$24:$R$27,4,FALSE)*N40 -> 5 | T40: Grasas y frutos secos | U40: =M40 -> Altos en grasas y bajos en CHO | V40: =N40 -> 0.5
M41: Medios en grasas y bajor en CHO | N41: 0 | O41: =VLOOKUP($M41,FORMULAS!$O$24:$P$27,2,FALSE)*N41 -> 0 | P41: =VLOOKUP($M41,FORMULAS!$O$24:$Q$27,3,FALSE)*N41 -> 0 | Q41: =VLOOKUP($M41,FORMULAS!$O$24:$R$27,4,FALSE)*N41 -> 0 | U41: =M41 -> Medios en grasas y bajor en CHO | V41: =N41 -> 0
L42: Azúcares y alimentos azucarados | M42: Azucares y alimentos azucarados | N42: 0 | O42: =VLOOKUP($M42,FORMULAS!$O$28:$P$28,2,FALSE)*N42 -> 0 | P42: =VLOOKUP($M42,FORMULAS!$O$28:$Q$28,3,FALSE)*N42 -> 0 | Q42: =VLOOKUP($M42,FORMULAS!$O$28:$R$28,4,FALSE)*N42 -> 0 | T42: Azúcares y alimentos azucarados | U42: =M42 -> Azucares y alimentos azucarados | V42: =N42 -> 0
N43: TOTAL | O43: =SUM(O28:O42) -> 40 | P43: =SUM(P28:P42) -> 12.5 | Q43: =SUM(Q28:Q42) -> 9.5 | U43: DETALLES
N44: BALANCE | O44: =O43-O27 -> 51.957143 | P44: =P43-P27 -> 2.3571429 | Q44: =Q43-Q27 -> 11.17619
L47: ALMUERZO | T47: ALMUERZO
O48: CHO (g) | P48: Prot (g) | Q48: Grasas (g) | W48: LUNES | Y48: MARTES | AA48: MIERCOLES | AC48: JUEVES | AE48: VIERNES
L49: Grupo de alimento | M49: Subgrupo | N49: # de raciones de intercambio | O49: =G17-O44 -> -1.9285714 | P49: =H17-P44 -> 21.071429 | Q49: =I17-Q44 -> -0.29365079 | T49: Grupo de alimento | U49: Subgrupo | V49: # | W49: Descripción (alimento) | X49: Cantidad | Y49: Descripción (alimento) | Z49: Cantidad | AA49: Descripción (alimento) | AB49: Cantidad | AC49: Descripción (alimento) | AD49: Cantidad | AE49: Descripción (alimento) | AF49: Cantidad
L50: Cereales, tuberculos y plátanos | M50: Altos en CHO y bajos en grasas | N50: 1 | O50: =VLOOKUP($M50,FORMULAS!$O$6:$P$8,2,FALSE)*N50 -> 30 | P50: =VLOOKUP($M50,FORMULAS!$O$6:$Q$8,3,FALSE)*N50 -> 4 | Q50: =VLOOKUP($M50,FORMULAS!$O$6:$R$8,4,FALSE)*N50 -> 1 | T50: Cereales, tuberculos y plátanos | U50: =M50 -> Altos en CHO y bajos en grasas | V50: =N50 -> 1
M51: Medios en CHO y bajos en grasas | N51: 0 | O51: =VLOOKUP($M51,FORMULAS!$O$6:$P$8,2,FALSE)*N51 -> 0 | P51: =VLOOKUP($M51,FORMULAS!$O$6:$Q$8,3,FALSE)*N51 -> 0 | Q51: =VLOOKUP($M51,FORMULAS!$O$6:$R$8,4,FALSE)*N51 -> 0 | U51: =M51 -> Medios en CHO y bajos en grasas | V51: =N51 -> 0
L52: Frutas | M52: Medias en CHO | N52: 1 | O52: =VLOOKUP($M52,FORMULAS!$O$9:$P$11,2,FALSE)*N52 -> 20 | P52: =VLOOKUP($M52,FORMULAS!$O$9:$Q$11,3,FALSE)*N52 -> 1 | Q52: =VLOOKUP($M52,FORMULAS!$O$9:$R$11,4,FALSE)*N52 -> 0 | T52: Frutas | U52: =M52 -> Medias en CHO | V52: =N52 -> 1
M53: Bajas en CHO | N53: 0 | O53: =VLOOKUP($M53,FORMULAS!$O$9:$P$11,2,FALSE)*N53 -> 0 | P53: =VLOOKUP($M53,FORMULAS!$O$9:$Q$11,3,FALSE)*N53 -> 0 | Q53: =VLOOKUP($M53,FORMULAS!$O$9:$R$11,4,FALSE)*N53 -> 0 | U53: =M53 -> Bajas en CHO | V53: =N53 -> 0
L54: Vegetales | M54: Bajos en CHO | N54: 2 | O54: =VLOOKUP($M54,FORMULAS!$O$12:$P$13,2,FALSE)*N54 -> 10 | P54: =VLOOKUP($M54,FORMULAS!$O$12:$Q$13,3,FALSE)*N54 -> 2 | Q54: =VLOOKUP($M54,FORMULAS!$O$12:$R$13,4,FALSE)*N54 -> 0 | T54: Vegetales | U54: =M54 -> Bajos en CHO | V54: =N54 -> 2
M55: Libre consumo | N55: 0 | O55: =VLOOKUP($M55,FORMULAS!$O$12:$P$13,2,FALSE)*N55 -> 0 | P55: =VLOOKUP($M55,FORMULAS!$O$12:$Q$13,3,FALSE)*N55 -> 0 | Q55: =VLOOKUP($M55,FORMULAS!$O$12:$R$13,4,FALSE)*N55 -> 0 | U55: =M55 -> Libre consumo | V55: =N55 -> 0
L56: Lácteos | M56: Descremados - bajos en grasas | N56: 0 | O56: =VLOOKUP($M56,FORMULAS!$O$14:$P$18,2,FALSE)*N56 -> 0 | P56: =VLOOKUP($M56,FORMULAS!$O$14:$Q$18,3,FALSE)*N56 -> 0 | Q56: =VLOOKUP($M56,FORMULAS!$O$14:$R$18,4,FALSE)*N56 -> 0 | T56: Lácteos | U56: =M56 -> Descremados - bajos en grasas | V56: =N56 -> 0
M57: Semidescremados - medios en grasas | N57: 0 | O57: =VLOOKUP($M57,FORMULAS!$O$14:$P$18,2,FALSE)*N57 -> 0 | P57: =VLOOKUP($M57,FORMULAS!$O$14:$Q$18,3,FALSE)*N57 -> 0 | Q57: =VLOOKUP($M57,FORMULAS!$O$14:$R$18,4,FALSE)*N57 -> 0 | U57: =M57 -> Semidescremados - medios en grasas | V57: =N57 -> 0
L58: Carnes, pescados y huevos | M58: Medios en grasas | N58: 1 | O58: =VLOOKUP($M58,FORMULAS!$O$19:$P$22,2,FALSE)*N58 -> 0 | P58: =VLOOKUP($M58,FORMULAS!$O$19:$Q$22,3,FALSE)*N58 -> 11 | Q58: =VLOOKUP($M58,FORMULAS!$O$19:$R$22,4,FALSE)*N58 -> 7 | T58: Carnes, pescados y huevos | U58: =M58 -> Medios en grasas | V58: =N58 -> 1
M59: Bajos en grasas | N59: 0 | O59: =VLOOKUP($M59,FORMULAS!$O$19:$P$22,2,FALSE)*N59 -> 0 | P59: =VLOOKUP($M59,FORMULAS!$O$19:$Q$22,3,FALSE)*N59 -> 0 | Q59: =VLOOKUP($M59,FORMULAS!$O$19:$R$22,4,FALSE)*N59 -> 0 | U59: =M59 -> Bajos en grasas | V59: =N59 -> 0
M60: Embutidos | N60: 0 | O60: =VLOOKUP($M60,FORMULAS!$O$19:$P$22,2,FALSE)*N60 -> 0 | P60: =VLOOKUP($M60,FORMULAS!$O$19:$Q$22,3,FALSE)*N60 -> 0 | Q60: =VLOOKUP($M60,FORMULAS!$O$19:$R$22,4,FALSE)*N60 -> 0 | U60: =M60 -> Embutidos | V60: =N60 -> 0
L61: Leguminosas | M61: Leguminosas | N61: 0.75 | O61: =VLOOKUP($M61,FORMULAS!$O$23:$P$23,2,FALSE)*N61 -> 15 | P61: =VLOOKUP($M61,FORMULAS!$O$23:$Q$23,3,FALSE)*N61 -> 6.75 | Q61: =VLOOKUP($M61,FORMULAS!$O$23:$R$23,4,FALSE)*N61 -> 0.75 | T61: Leguminosas | U61: =M61 -> Leguminosas | V61: =N61 -> 0.75
L62: Grasas y frutos secos | M62: Altos en grasas | N62: 1 | O62: =VLOOKUP($M62,FORMULAS!$O$24:$P$27,2,FALSE)*N62 -> 1 | P62: =VLOOKUP($M62,FORMULAS!$O$24:$Q$27,3,FALSE)*N62 -> 1 | Q62: =VLOOKUP($M62,FORMULAS!$O$24:$R$27,4,FALSE)*N62 -> 12 | T62: Grasas y frutos secos | U62: =M62 -> Altos en grasas | V62: =N62 -> 1
M63: Medios en grasas y bajor en CHO | N63: 0 | O63: =VLOOKUP($M63,FORMULAS!$O$24:$P$27,2,FALSE)*N63 -> 0 | P63: =VLOOKUP($M63,FORMULAS!$O$24:$Q$27,3,FALSE)*N63 -> 0 | Q63: =VLOOKUP($M63,FORMULAS!$O$24:$R$27,4,FALSE)*N63 -> 0 | U63: =M63 -> Medios en grasas y bajor en CHO | V63: =N63 -> 0
L64: Azúcares y alimentos azucarados | M64: Azucares y alimentos azucarados | N64: 1 | O64: =VLOOKUP($M64,FORMULAS!$O$28:$P$28,2,FALSE)*N64 -> 10 | P64: =VLOOKUP($M64,FORMULAS!$O$28:$Q$28,3,FALSE)*N64 -> 0 | Q64: =VLOOKUP($M64,FORMULAS!$O$28:$R$28,4,FALSE)*N64 -> 0 | T64: Azúcares y alimentos azucarados | U64: =M64 -> Azucares y alimentos azucarados | V64: =N64 -> 1
N65: TOTAL | O65: =SUM(O50:O64) -> 86 | P65: =SUM(P50:P64) -> 25.75 | Q65: =SUM(Q50:Q64) -> 20.75 | U65: DETALLES
N66: BALANCE | O66: =O65-O49 -> 87.928571 | P66: =P65-P49 -> 4.6785714 | Q66: =Q65-Q49 -> 21.043651
L69: MERIENDA | T69: MERIENDA
O70: CHO (g) | P70: Prot (g) | Q70: Grasas (g) | W70: LUNES | Y70: MARTES | AA70: MIERCOLES | AC70: JUEVES | AE70: VIERNES
L71: Grupo de alimento | M71: Subgrupo | N71: # de raciones de intercambio | O71: =G18-O66 -> -62.914286 | P71: =H18-P66 -> 7.0357143 | Q71: =I18-Q66 -> -15.602381 | T71: Grupo de alimento | U71: Subgrupo | V71: # | W71: Descripción (alimento) | X71: Cantidad | Y71: Descripción (alimento) | Z71: Cantidad | AA71: Descripción (alimento) | AB71: Cantidad | AC71: Descripción (alimento) | AD71: Cantidad | AE71: Descripción (alimento) | AF71: Cantidad
L72: Cereales, tuberculos y plátanos | M72: Medios en CHO y bajos en grasas | N72: 0 | O72: =VLOOKUP($M72,FORMULAS!$O$6:$P$8,2,FALSE)*N72 -> 0 | P72: =VLOOKUP($M72,FORMULAS!$O$6:$Q$8,3,FALSE)*N72 -> 0 | Q72: =VLOOKUP($M72,FORMULAS!$O$6:$R$8,4,FALSE)*N72 -> 0 | T72: Cereales, tuberculos y plátanos | U72: =M72 -> Medios en CHO y bajos en grasas | V72: =N72 -> 0
M73: Medios en CHO y bajos en grasas | N73: 0 | O73: =VLOOKUP($M73,FORMULAS!$O$6:$P$8,2,FALSE)*N73 -> 0 | P73: =VLOOKUP($M73,FORMULAS!$O$6:$Q$8,3,FALSE)*N73 -> 0 | Q73: =VLOOKUP($M73,FORMULAS!$O$6:$R$8,4,FALSE)*N73 -> 0 | U73: =M73 -> Medios en CHO y bajos en grasas | V73: =N73 -> 0
L74: Frutas | M74: Medias en CHO | N74: 0 | O74: =VLOOKUP($M74,FORMULAS!$O$9:$P$11,2,FALSE)*N74 -> 0 | P74: =VLOOKUP($M74,FORMULAS!$O$9:$Q$11,3,FALSE)*N74 -> 0 | Q74: =VLOOKUP($M74,FORMULAS!$O$9:$R$11,4,FALSE)*N74 -> 0 | T74: Frutas | U74: =M74 -> Medias en CHO | V74: =N74 -> 0
M75: Bajas en CHO | N75: 0 | O75: =VLOOKUP($M75,FORMULAS!$O$9:$P$11,2,FALSE)*N75 -> 0 | P75: =VLOOKUP($M75,FORMULAS!$O$9:$Q$11,3,FALSE)*N75 -> 0 | Q75: =VLOOKUP($M75,FORMULAS!$O$9:$R$11,4,FALSE)*N75 -> 0 | U75: =M75 -> Bajas en CHO | V75: =N75 -> 0
L76: Vegetales | M76: Bajos en CHO | N76: 0 | O76: =VLOOKUP($M76,FORMULAS!$O$12:$P$13,2,FALSE)*N76 -> 0 | P76: =VLOOKUP($M76,FORMULAS!$O$12:$Q$13,3,FALSE)*N76 -> 0 | Q76: =VLOOKUP($M76,FORMULAS!$O$12:$R$13,4,FALSE)*N76 -> 0 | T76: Vegetales | U76: =M76 -> Bajos en CHO | V76: =N76 -> 0
M77: Libre consumo | N77: 0 | O77: =VLOOKUP($M77,FORMULAS!$O$12:$P$13,2,FALSE)*N77 -> 0 | P77: =VLOOKUP($M77,FORMULAS!$O$12:$Q$13,3,FALSE)*N77 -> 0 | Q77: =VLOOKUP($M77,FORMULAS!$O$12:$R$13,4,FALSE)*N77 -> 0 | U77: =M77 -> Libre consumo | V77: =N77 -> 0
L78: Lácteos | M78: Descremados - bajos en grasas | N78: 0 | O78: =VLOOKUP($M78,FORMULAS!$O$14:$P$18,2,FALSE)*N78 -> 0 | P78: =VLOOKUP($M78,FORMULAS!$O$14:$Q$18,3,FALSE)*N78 -> 0 | Q78: =VLOOKUP($M78,FORMULAS!$O$14:$R$18,4,FALSE)*N78 -> 0 | T78: Lácteos | U78: =M78 -> Descremados - bajos en grasas | V78: =N78 -> 0
M79: Semidescremados - medios en grasas | N79: 0 | O79: =VLOOKUP($M79,FORMULAS!$O$14:$P$18,2,FALSE)*N79 -> 0 | P79: =VLOOKUP($M79,FORMULAS!$O$14:$Q$18,3,FALSE)*N79 -> 0 | Q79: =VLOOKUP($M79,FORMULAS!$O$14:$R$18,4,FALSE)*N79 -> 0 | U79: =M79 -> Semidescremados - medios en grasas | V79: =N79 -> 0
L80: Carnes, pescados y huevos | M80: Medios en grasas | N80: 0 | O80: =VLOOKUP($M80,FORMULAS!$O$19:$P$22,2,FALSE)*N80 -> 0 | P80: =VLOOKUP($M80,FORMULAS!$O$19:$Q$22,3,FALSE)*N80 -> 0 | Q80: =VLOOKUP($M80,FORMULAS!$O$19:$R$22,4,FALSE)*N80 -> 0 | T80: Carnes, pescados y huevos | U80: =M80 -> Medios en grasas | V80: =N80 -> 0
M81: Bajos en grasas | N81: 0 | O81: =VLOOKUP($M81,FORMULAS!$O$19:$P$22,2,FALSE)*N81 -> 0 | P81: =VLOOKUP($M81,FORMULAS!$O$19:$Q$22,3,FALSE)*N81 -> 0 | Q81: =VLOOKUP($M81,FORMULAS!$O$19:$R$22,4,FALSE)*N81 -> 0 | U81: =M81 -> Bajos en grasas | V81: =N81 -> 0
M82: Embutidos | N82: 0 | O82: =VLOOKUP($M82,FORMULAS!$O$19:$P$22,2,FALSE)*N82 -> 0 | P82: =VLOOKUP($M82,FORMULAS!$O$19:$Q$22,3,FALSE)*N82 -> 0 | Q82: =VLOOKUP($M82,FORMULAS!$O$19:$R$22,4,FALSE)*N82 -> 0 | U82: =M82 -> Embutidos | V82: =N82 -> 0
L83: Leguminosas | M83: Leguminosas | N83: 0 | O83: =VLOOKUP($M83,FORMULAS!$O$23:$P$23,2,FALSE)*N83 -> 0 | P83: =VLOOKUP($M83,FORMULAS!$O$23:$Q$23,3,FALSE)*N83 -> 0 | Q83: =VLOOKUP($M83,FORMULAS!$O$23:$R$23,4,FALSE)*N83 -> 0 | T83: Leguminosas | U83: =M83 -> Leguminosas | V83: =N83 -> 0
L84: Grasas y frutos secos | M84: Altos en grasas y bajos en CHO | N84: 0 | O84: =VLOOKUP($M84,FORMULAS!$O$24:$P$27,2,FALSE)*N84 -> 0 | P84: =VLOOKUP($M84,FORMULAS!$O$24:$Q$27,3,FALSE)*N84 -> 0 | Q84: =VLOOKUP($M84,FORMULAS!$O$24:$R$27,4,FALSE)*N84 -> 0 | T84: Grasas y frutos secos | U84: =M84 -> Altos en grasas y bajos en CHO | V84: =N84 -> 0
M85: Medios en grasas y bajor en CHO | N85: 0 | O85: =VLOOKUP($M85,FORMULAS!$O$24:$P$27,2,FALSE)*N85 -> 0 | P85: =VLOOKUP($M85,FORMULAS!$O$24:$Q$27,3,FALSE)*N85 -> 0 | Q85: =VLOOKUP($M85,FORMULAS!$O$24:$R$27,4,FALSE)*N85 -> 0 | U85: =M85 -> Medios en grasas y bajor en CHO | V85: =N85 -> 0
L86: Azúcares y alimentos azucarados | M86: Azucares y alimentos azucarados | N86: 0 | O86: =VLOOKUP($M86,FORMULAS!$O$28:$P$28,2,FALSE)*N86 -> 0 | P86: =VLOOKUP($M86,FORMULAS!$O$28:$Q$28,3,FALSE)*N86 -> 0 | Q86: =VLOOKUP($M86,FORMULAS!$O$28:$R$28,4,FALSE)*N86 -> 0 | T86: Azúcares y alimentos azucarados | U86: =M86 -> Azucares y alimentos azucarados | V86: =N86 -> 0
N87: TOTAL | O87: =SUM(O72:O86) -> 0 | P87: =SUM(P72:P86) -> 0 | Q87: =SUM(Q72:Q86) -> 0 | U87: DETALLES
N88: BALANCE | O88: =O87-O71 -> 62.914286 | P88: =P87-P71 -> -7.0357143 | Q88: =Q87-Q71 -> 15.602381
L91: CENA | T91: CENA
O92: CHO (g) | P92: Prot (g) | Q92: Grasas (g) | W92: LUNES | Y92: MARTES | AA92: MIERCOLES | AC92: JUEVES | AE92: VIERNES
L93: Grupo de alimento | M93: Subgrupo | N93: # de raciones de intercambio | O93: =G19-O88 -> -37.9 | P93: =H19-P88 -> 18.75 | Q93: =I19-Q88 -> -10.161111 | T93: Grupo de alimento | U93: Subgrupo | V93: # | W93: Descripción (alimento) | X93: Cantidad | Y93: Descripción (alimento) | Z93: Cantidad | AA93: Descripción (alimento) | AB93: Cantidad | AC93: Descripción (alimento) | AD93: Cantidad | AE93: Descripción (alimento) | AF93: Cantidad
L94: Cereales, tuberculos y plátanos | M94: Altos en CHO y bajos en grasas | N94: 1 | O94: =VLOOKUP($M94,FORMULAS!$O$6:$P$8,2,FALSE)*N94 -> 30 | P94: =VLOOKUP($M94,FORMULAS!$O$6:$Q$8,3,FALSE)*N94 -> 4 | Q94: =VLOOKUP($M94,FORMULAS!$O$6:$R$8,4,FALSE)*N94 -> 1 | T94: Cereales, tuberculos y plátanos | U94: =M94 -> Altos en CHO y bajos en grasas | V94: =N94 -> 1
M95: Medios en CHO y bajos en grasas | N95: 0 | O95: =VLOOKUP($M95,FORMULAS!$O$6:$P$8,2,FALSE)*N95 -> 0 | P95: =VLOOKUP($M95,FORMULAS!$O$6:$Q$8,3,FALSE)*N95 -> 0 | Q95: =VLOOKUP($M95,FORMULAS!$O$6:$R$8,4,FALSE)*N95 -> 0 | U95: =M95 -> Medios en CHO y bajos en grasas | V95: =N95 -> 0
L96: Frutas | M96: Medias en CHO | N96: 1.5 | O96: =VLOOKUP($M96,FORMULAS!$O$9:$P$11,2,FALSE)*N96 -> 30 | P96: =VLOOKUP($M96,FORMULAS!$O$9:$Q$11,3,FALSE)*N96 -> 1.5 | Q96: =VLOOKUP($M96,FORMULAS!$O$9:$R$11,4,FALSE)*N96 -> 0 | T96: Frutas | U96: =M96 -> Medias en CHO | V96: =N96 -> 1.5
M97: Bajas en CHO | N97: 0 | O97: =VLOOKUP($M97,FORMULAS!$O$9:$P$11,2,FALSE)*N97 -> 0 | P97: =VLOOKUP($M97,FORMULAS!$O$9:$Q$11,3,FALSE)*N97 -> 0 | Q97: =VLOOKUP($M97,FORMULAS!$O$9:$R$11,4,FALSE)*N97 -> 0 | U97: =M97 -> Bajas en CHO | V97: =N97 -> 0
L98: Vegetales | M98: Bajos en CHO | N98: 1 | O98: =VLOOKUP($M98,FORMULAS!$O$12:$P$13,2,FALSE)*N98 -> 5 | P98: =VLOOKUP($M98,FORMULAS!$O$12:$Q$13,3,FALSE)*N98 -> 1 | Q98: =VLOOKUP($M98,FORMULAS!$O$12:$R$13,4,FALSE)*N98 -> 0 | T98: Vegetales | U98: =M98 -> Bajos en CHO | V98: =N98 -> 1
M99: Libre consumo | N99: 0 | O99: =VLOOKUP($M99,FORMULAS!$O$12:$P$13,2,FALSE)*N99 -> 0 | P99: =VLOOKUP($M99,FORMULAS!$O$12:$Q$13,3,FALSE)*N99 -> 0 | Q99: =VLOOKUP($M99,FORMULAS!$O$12:$R$13,4,FALSE)*N99 -> 0 | U99: =M99 -> Libre consumo | V99: =N99 -> 0
L100: Lácteos | M100: Descremados - bajos en grasas | N100: 0 | O100: =VLOOKUP($M100,FORMULAS!$O$14:$P$18,2,FALSE)*N100 -> 0 | P100: =VLOOKUP($M100,FORMULAS!$O$14:$Q$18,3,FALSE)*N100 -> 0 | Q100: =VLOOKUP($M100,FORMULAS!$O$14:$R$18,4,FALSE)*N100 -> 0 | T100: Lácteos | U100: =M100 -> Descremados - bajos en grasas | V100: =N100 -> 0
M101: Semidescremados - medios en grasas | N101: 0 | O101: =VLOOKUP($M101,FORMULAS!$O$14:$P$18,2,FALSE)*N101 -> 0 | P101: =VLOOKUP($M101,FORMULAS!$O$14:$Q$18,3,FALSE)*N101 -> 0 | Q101: =VLOOKUP($M101,FORMULAS!$O$14:$R$18,4,FALSE)*N101 -> 0 | U101: =M101 -> Semidescremados - medios en grasas | V101: =N101 -> 0
L102: Carnes, pescados y huevos | M102: Medios en grasas | N102: 1.5 | O102: =VLOOKUP($M102,FORMULAS!$O$19:$P$22,2,FALSE)*N102 -> 0 | P102: =VLOOKUP($M102,FORMULAS!$O$19:$Q$22,3,FALSE)*N102 -> 16.5 | Q102: =VLOOKUP($M102,FORMULAS!$O$19:$R$22,4,FALSE)*N102 -> 10.5 | T102: Carnes, pescados y huevos | U102: =M102 -> Medios en grasas | V102: =N102 -> 1.5
M103: Bajos en grasas | N103: 0 | O103: =VLOOKUP($M103,FORMULAS!$O$19:$P$22,2,FALSE)*N103 -> 0 | P103: =VLOOKUP($M103,FORMULAS!$O$19:$Q$22,3,FALSE)*N103 -> 0 | Q103: =VLOOKUP($M103,FORMULAS!$O$19:$R$22,4,FALSE)*N103 -> 0 | U103: =M103 -> Bajos en grasas | V103: =N103 -> 0
M104: Embutidos | N104: 0 | O104: =VLOOKUP($M104,FORMULAS!$O$19:$P$22,2,FALSE)*N104 -> 0 | P104: =VLOOKUP($M104,FORMULAS!$O$19:$Q$22,3,FALSE)*N104 -> 0 | Q104: =VLOOKUP($M104,FORMULAS!$O$19:$R$22,4,FALSE)*N104 -> 0 | U104: =M104 -> Embutidos | V104: =N104 -> 0
L105: Leguminosas | M105: Leguminosas | N105: 0 | O105: =VLOOKUP($M105,FORMULAS!$O$23:$P$23,2,FALSE)*N105 -> 0 | P105: =VLOOKUP($M105,FORMULAS!$O$23:$Q$23,3,FALSE)*N105 -> 0 | Q105: =VLOOKUP($M105,FORMULAS!$O$23:$R$23,4,FALSE)*N105 -> 0 | T105: Leguminosas | U105: =M105 -> Leguminosas | V105: =N105 -> 0
L106: Grasas y frutos secos | M106: Medios en grasas | N106: 1.5 | O106: =VLOOKUP($M106,FORMULAS!$O$24:$P$27,2,FALSE)*N106 -> 3 | P106: =VLOOKUP($M106,FORMULAS!$O$24:$Q$27,3,FALSE)*N106 -> 1.5 | Q106: =VLOOKUP($M106,FORMULAS!$O$24:$R$27,4,FALSE)*N106 -> 10.5 | T106: Grasas y frutos secos | U106: =M106 -> Medios en grasas | V106: =N106 -> 1.5
...

Sheet HOMBRE
A1: HOMBRE
A2: Peso kg | B2: 85
A3: Talla | B3: 170 | L3: DESAYUNO | T3: DESAYUNO
A4: IMC | B4: =B2/((B3*0.01)^2) -> 29.411765 | E4: Nutrimento | F4: % | G4: Energía Kcal | H4: Gramos | O4: CHO (g) | P4: Prot (g) | Q4: Grasas (g) | W4: LUNES | Y4: MARTES | AA4: MIERCOLES | AC4: JUEVES | AE4: VIERNES
A5: Edad | B5: 45 | E5: CHO | F5: =100-F6-F7 -> 46.456653 | G5: =(C10*F5)/100 -> 1022.1625 | H5: =G5/4 -> 255.54062 | L5: Grupo de alimento | M5: Subgrupo | N5: # de raciones de intercambio | O5: =G15 -> 51.108125 | P5: =H15 -> 20.4 | Q5: =I15 -> 17.113056 | T5: Grupo de alimento | U5: Subgrupo | V5: # | W5: Descripción (alimento) | X5: Cantidad | Y5: Descripción (alimento) | Z5: Cantidad | AA5: Descripción (alimento) | AB5: Cantidad | AC5: Descripción (alimento) | AD5: Cantidad | AE5: Descripción (alimento) | AF5: Cantidad
A6: Kcal Extra | B6: 0 | E6: Proteínas | F6: =(G6*100)/C10 -> 18.543347 | G6: =H6*4 -> 408 | H6: =B2*B14 -> 102 | L6: Cereales, tuberculos y plátanos | M6: Medios en CHO y medios en grasas | N6: 0.75 | O6: =VLOOKUP($M6,FORMULAS!$O$6:$P$8,2,FALSE)*N6 -> 15 | P6: =VLOOKUP($M6,FORMULAS!$O$6:$Q$8,3,FALSE)*N6 -> 1.5 | Q6: =VLOOKUP($M6,FORMULAS!$O$6:$R$8,4,FALSE)*N6 -> 4.5 | T6: Cereales, tuberculos y plátanos | U6: =M6 -> Medios en CHO y medios en grasas | V6: =N6 -> 0.75
E7: Lípidos | F7: 35 | G7: =(C10*F7)/100 -> 770.0875 | H7: =G7/9 -> 85.565278 | M7: Medios en CHO y bajos en grasas | N7: 0 | O7: =VLOOKUP($M7,FORMULAS!$O$6:$P$8,2,FALSE)*N7 -> 0 | P7: =VLOOKUP($M7,FORMULAS!$O$6:$Q$8,3,FALSE)*N7 -> 0 | Q7: =VLOOKUP($M7,FORMULAS!$O$6:$R$8,4,FALSE)*N7 -> 0 | U7: =M7 -> Medios en CHO y bajos en grasas | V7: =N7 -> 0
E8: Total | F8: =SUM(F5:F7) -> 100 | G8: =SUM(G5:G7) -> 2200.25 | H8: =SUM(H5:H7) -> 443.1059 | L8: Frutas | M8: Bajas en CHO | N8: 1 | O8: =VLOOKUP($M8,FORMULAS!$O$9:$P$11,2,FALSE)*N8 -> 10 | P8: =VLOOKUP($M8,FORMULAS!$O$9:$Q$11,3,FALSE)*N8 -> 1 | Q8: =VLOOKUP($M8,FORMULAS!$O$9:$R$11,4,FALSE)*N8 -> 0 | T8: Frutas | U8: =M8 -> Bajas en CHO | V8: =N8 -> 1
A9: GET | M9: Bajas en CHO | N9: 0 | O9: =VLOOKUP($M9,FORMULAS!$O$9:$P$11,2,FALSE)*N9 -> 0 | P9: =VLOOKUP($M9,FORMULAS!$O$9:$Q$11,3,FALSE)*N9 -> 0 | Q9: =VLOOKUP($M9,FORMULAS!$O$9:$R$11,4,FALSE)*N9 -> 0 | U9: =M9 -> Bajas en CHO | V9: =N9 -> 0
A10: Hombre | B10: mifflin | C10: =FORMULAS!J15+B6 -> 2200.25 | L10: Vegetales | M10: Bajos en CHO | N10: 0 | O10: =VLOOKUP($M10,FORMULAS!$O$12:$P$13,2,FALSE)*N10 -> 0 | P10: =VLOOKUP($M10,FORMULAS!$O$12:$Q$13,3,FALSE)*N10 -> 0 | Q10: =VLOOKUP($M10,FORMULAS!$O$12:$R$13,4,FALSE)*N10 -> 0 | T10: Vegetales | U10: =M10 -> Bajos en CHO | V10: =N10 -> 0
M11: Libre consumo | N11: 0 | O11: =VLOOKUP($M11,FORMULAS!$O$12:$P$13,2,FALSE)*N11 -> 0 | P11: =VLOOKUP($M11,FORMULAS!$O$12:$Q$13,3,FALSE)*N11 -> 0 | Q11: =VLOOKUP($M11,FORMULAS!$O$12:$R$13,4,FALSE)*N11 -> 0 | U11: =M11 -> Libre consumo | V11: =N11 -> 0
E12: Distribución de Alimentos | L12: Lácteos | M12: Enteros - altos en grasas | N12: 0 | O12: =VLOOKUP($M12,FORMULAS!$O$14:$P$18,2,FALSE)*N12 -> 0 | P12: =VLOOKUP($M12,FORMULAS!$O$14:$Q$18,3,FALSE)*N12 -> 0 | Q12: =VLOOKUP($M12,FORMULAS!$O$14:$R$18,4,FALSE)*N12 -> 0 | T12: Lácteos | U12: =M12 -> Enteros - altos en grasas | V12: =N12 -> 0
A13: Proteína g/kg/día | E13: # de fraccionamiento | I13: 5 | M13: Descremados y altos en CHO | N13: 0 | O13: =VLOOKUP($M13,FORMULAS!$O$14:$P$18,2,FALSE)*N13 -> 0 | P13: =VLOOKUP($M13,FORMULAS!$O$14:$Q$18,3,FALSE)*N13 -> 0 | Q13: =VLOOKUP($M13,FORMULAS!$O$14:$R$18,4,FALSE)*N13 -> 0 | U13: =M13 -> Descremados y altos en CHO | V13: =N13 -> 0
A14: Normoproteico (g) | B14: =_xlfn.XLOOKUP(A14,FORMULAS!G23:G26,FORMULAS!H23:H26,"ROTO") -> 1.2 | E14: Tiempos | F14: Fraccion | G14: CHO (g) | H14: Proteinas (g) | I14: Lipidos (g) | L14: Carnes, pescados y huevos | M14: Medios en grasas | N14: 2.5 | O14: =VLOOKUP($M14,FORMULAS!$O$19:$P$22,2,FALSE)*N14 -> 0 | P14: =VLOOKUP($M14,FORMULAS!$O$19:$Q$22,3,FALSE)*N14 -> 27.5 | Q14: =VLOOKUP($M14,FORMULAS!$O$19:$R$22,4,FALSE)*N14 -> 17.5 | T14: Carnes, pescados y huevos | U14: =M14 -> Medios en grasas | V14: =N14 -> 2.5
E15: Desayuno | F15: 1 | G15: =($H$5*$F15)/$I$13 -> 51.108125 | H15: =($H$6*$F15)/$I$13 -> 20.4 | I15: =($H$7*$F15)/$I$13 -> 17.113056 | M15: Bajos en grasas | N15: 0 | O15: =VLOOKUP($M15,FORMULAS!$O$19:$P$22,2,FALSE)*N15 -> 0 | P15: =VLOOKUP($M15,FORMULAS!$O$19:$Q$22,3,FALSE)*N15 -> 0 | Q15: =VLOOKUP($M15,FORMULAS!$O$19:$R$22,4,FALSE)*N15 -> 0 | U15: =M15 -> Bajos en grasas | V15: =N15 -> 0
E16: Media mañana | F16: 1 | G16: =($H$5*$F16)/$I$13 -> 51.108125 | H16: =($H$6*$F16)/$I$13 -> 20.4 | I16: =($H$7*$F16)/$I$13 -> 17.113056 | M16: Embutidos | N16: 1 | O16: =VLOOKUP($M16,FORMULAS!$O$19:$P$22,2,FALSE)*N16 -> 1 | P16: =VLOOKUP($M16,FORMULAS!$O$19:$Q$22,3,FALSE)*N16 -> 7 | Q16: =VLOOKUP($M16,FORMULAS!$O$19:$R$22,4,FALSE)*N16 -> 7 | U16: =M16 -> Embutidos | V16: =N16 -> 1
A17: Deficit calorico | E17: Almuerzo | F17: 2 | G17: =($H$5*$F17)/$I$13 -> 102.21625 | H17: =($H$6*$F17)/$I$13 -> 40.8 | I17: =($H$7*$F17)/$I$13 -> 34.226111 | L17: Leguminosas | M17: Leguminosas | N17: 0 | O17: =VLOOKUP($M17,FORMULAS!$O$23:$P$23,2,FALSE)*N17 -> 0 | P17: =VLOOKUP($M17,FORMULAS!$O$23:$Q$23,3,FALSE)*N17 -> 0 | Q17: =VLOOKUP($M17,FORMULAS!$O$23:$R$23,4,FALSE)*N17 -> 0 | T17: Leguminosas | U17: =M17 -> Leguminosas | V17: =N17 -> 0
A18: Obj en meses | B18: 6 | E18: Merienda | G18: =($H$5*$F18)/$I$13 -> 0 | H18: =($H$6*$F18)/$I$13 -> 0 | I18: =($H$7*$F18)/$I$13 -> 0 | L18: Grasas y frutos secos | M18: Medios en grasas | N18: 0.75 | O18: =VLOOKUP($M18,FORMULAS!$O$24:$P$27,2,FALSE)*N18 -> 1.5 | P18: =VLOOKUP($M18,FORMULAS!$O$24:$Q$27,3,FALSE)*N18 -> 0.75 | Q18: =VLOOKUP($M18,FORMULAS!$O$24:$R$27,4,FALSE)*N18 -> 5.25 | T18: Grasas y frutos secos | U18: =M18 -> Medios en grasas | V18: =N18 -> 0.75
A19: Semanas | B19: =B18*4 -> 24 | E19: Cena | F19: 1 | G19: =($H$5*$F19)/$I$13 -> 51.108125 | H19: =($H$6*$F19)/$I$13 -> 20.4 | I19: =($H$7*$F19)/$I$13 -> 17.113056 | M19: Medios en grasas y bajor en CHO | N19: 0 | O19: =VLOOKUP($M19,FORMULAS!$O$24:$P$27,2,FALSE)*N19 -> 0 | P19: =VLOOKUP($M19,FORMULAS!$O$24:$Q$27,3,FALSE)*N19 -> 0 | Q19: =VLOOKUP($M19,FORMULAS!$O$24:$R$27,4,FALSE)*N19 -> 0 | U19: =M19 -> Medios en grasas y bajor en CHO | V19: =N19 -> 0
A20: % de pérdida | B20: 0.05 | E20: TOTAL | F20: =SUM(F15:F19) -> 5 | G20: =SUM(G15:G19) -> 255.54062 | H20: =SUM(H15:H19) -> 102 | I20: =SUM(I15:I19) -> 85.565278 | L20: Azúcares y alimentos azucarados | M20: Azucares y alimentos azucarados | N20: 1 | O20: =VLOOKUP($M20,FORMULAS!$O$28:$P$28,2,FALSE)*N20 -> 10 | P20: =VLOOKUP($M20,FORMULAS!$O$28:$Q$28,3,FALSE)*N20 -> 0 | Q20: =VLOOKUP($M20,FORMULAS!$O$28:$R$28,4,FALSE)*N20 -> 0 | T20: Azúcares y alimentos azucarados | U20: =M20 -> Azucares y alimentos azucarados | V20: =N20 -> 1
A21: ¿? Kg pierde | B21: =B2*B20 -> 4.25 | N21: TOTAL | O21: =SUM(O6:O20) -> 37.5 | P21: =SUM(P6:P20) -> 37.75 | Q21: =SUM(Q6:Q20) -> 34.25 | U21: DETALLES
A22: Peso ideal | B22: =B2-B21 -> 80.75 | N22: BALANCE | O22: =O21-O5 -> -13.608125 | P22: =P21-P5 -> 17.35 | Q22: =Q21-Q5 -> 17.136944
A23: Kcal para def | B23: =((B21*7000/1)/B19)/7 -> 177.08333 | E23: Nutrimento | F23: 0.95 | G23: Real | H23: 1.05 | I23: % Adecuacion | N23: KCAL | O23: =(O21*4)+(P21*4)+(Q21*9) -> 609.25
A24: Kcal recomend | B24: =C10-B23 -> 2023.1667 | E24: CHO | F24: =G20*F23 -> 242.76359 | G24: =SUMIF($N:$N,$N$21,$O:$O) -> 299 | H24: =G20*H23 -> 268.31766 | I24: =G24/G20 -> 1.1700684
E25: Proteínas | F25: =H20*F23 -> 96.9 | G25: =SUMIF($N:$N,$N$21,$P:$P) -> 108.75 | H25: =H20*H23 -> 107.1 | I25: =G25/H20 -> 1.0661765 | L25: MEDIA MAÑANA | T25: MEDIA MAÑANA
E26: Lípidos | F26: =I20*F23 -> 81.287014 | G26: =SUMIF($N:$N,$N$21,$Q:$Q) -> 77.5 | H26: =I20*H23 -> 89.843542 | I26: =G26/I20 -> 0.90574123 | O26: CHO (g) | P26: Prot (g) | Q26: Grasas (g) | W26: LUNES | Y26: MARTES | AA26: MIERCOLES | AC26: JUEVES | AE26: VIERNES
L27: Grupo de alimento | M27: Subgrupo | N27: # de raciones de intercambio | O27: =G16-O22 -> 64.71625 | P27: =H16-P22 -> 3.05 | Q27: =I16-Q22 -> -0.023888889 | T27: Grupo de alimento | U27: Subgrupo | V27: # | W27: Descripción (alimento) | X27: Cantidad | Y27: Descripción (alimento) | Z27: Cantidad | AA27: Descripción (alimento) | AB27: Cantidad | AC27: Descripción (alimento) | AD27: Cantidad | AE27: Descripción (alimento) | AF27: Cantidad
L28: Cereales, tuberculos y plátanos | M28: Medios en CHO y medios en grasas | N28: 0 | O28: =VLOOKUP($M28,FORMULAS!$O$6:$P$8,2,FALSE)*N28 -> 0 | P28: =VLOOKUP($M28,FORMULAS!$O$6:$Q$8,3,FALSE)*N28 -> 0 | Q28: =VLOOKUP($M28,FORMULAS!$O$6:$R$8,4,FALSE)*N28 -> 0 | T28: Cereales, tuberculos y plátanos | U28: =M28 -> Medios en CHO y medios en grasas | V28: =N28 -> 0
M29: Medios en CHO y bajos en grasas | N29: 1 | O29: =VLOOKUP($M29,FORMULAS!$O$6:$P$8,2,FALSE)*N29 -> 20 | P29: =VLOOKUP($M29,FORMULAS!$O$6:$Q$8,3,FALSE)*N29 -> 3 | Q29: =VLOOKUP($M29,FORMULAS!$O$6:$R$8,4,FALSE)*N29 -> 1 | U29: =M29 -> Medios en CHO y bajos en grasas | V29: =N29 -> 1
E30: CHO | F30: 50% Cereales | G30: 10% Azucar | L30: Frutas | M30: Medias en CHO | N30: 1 | O30: =VLOOKUP($M30,FORMULAS!$O$9:$P$11,2,FALSE)*N30 -> 20 | P30: =VLOOKUP($M30,FORMULAS!$O$9:$Q$11,3,FALSE)*N30 -> 1 | Q30: =VLOOKUP($M30,FORMULAS!$O$9:$R$11,4,FALSE)*N30 -> 0 | T30: Frutas | U30: =M30 -> Medias en CHO | V30: =N30 -> 1
E31: Teorico | F31: =H5/2 -> 127.77031 | G31: =H5*10/100 -> 25.554063 | M31: Bajas en CHO | N31: 0 | O31: =VLOOKUP($M31,FORMULAS!$O$9:$P$11,2,FALSE)*N31 -> 0 | P31: =VLOOKUP($M31,FORMULAS!$O$9:$Q$11,3,FALSE)*N31 -> 0 | Q31: =VLOOKUP($M31,FORMULAS!$O$9:$R$11,4,FALSE)*N31 -> 0 | U31: =M31 -> Bajas en CHO | V31: =N31 -> 0
E32: Real | F32: =SUMIF($L:$L,$L$6,$O:$O) -> 135 | G32: =SUMIF($M:$M,$M$108,$O:$O) -> 52.5 | L32: Vegetales | M32: Bajos en CHO | N32: 0 | O32: =VLOOKUP($M32,FORMULAS!$O$12:$P$13,2,FALSE)*N32 -> 0 | P32: =VLOOKUP($M32,FORMULAS!$O$12:$Q$13,3,FALSE)*N32 -> 0 | Q32: =VLOOKUP($M32,FORMULAS!$O$12:$R$13,4,FALSE)*N32 -> 0 | T32: Vegetales | U32: =M32 -> Bajos en CHO | V32: =N32 -> 0
M33: Libre consumo | N33: 0 | O33: =VLOOKUP($M33,FORMULAS!$O$12:$P$13,2,FALSE)*N33 -> 0 | P33: =VLOOKUP($M33,FORMULAS!$O$12:$Q$13,3,FALSE)*N33 -> 0 | Q33: =VLOOKUP($M33,FORMULAS!$O$12:$R$13,4,FALSE)*N33 -> 0 | U33: =M33 -> Libre consumo | V33: =N33 -> 0
L34: Lácteos | M34: Descremados - bajos en grasas | N34: 1.25 | O34: =VLOOKUP($M34,FORMULAS!$O$14:$P$18,2,FALSE)*N34 -> 15 | P34: =VLOOKUP($M34,FORMULAS!$O$14:$Q$18,3,FALSE)*N34 -> 10 | Q34: =VLOOKUP($M34,FORMULAS!$O$14:$R$18,4,FALSE)*N34 -> 1.25 | T34: Lácteos | U34: =M34 -> Descremados - bajos en grasas | V34: =N34 -> 1.25
M35: Semidescremados - medios en grasas | N35: 0 | O35: =VLOOKUP($M35,FORMULAS!$O$14:$P$18,2,FALSE)*N35 -> 0 | P35: =VLOOKUP($M35,FORMULAS!$O$14:$Q$18,3,FALSE)*N35 -> 0 | Q35: =VLOOKUP($M35,FORMULAS!$O$14:$R$18,4,FALSE)*N35 -> 0 | U35: =M35 -> Semidescremados - medios en grasas | V35: =N35 -> 0
L36: Carnes, pescados y huevos | M36: Medios en grasas | N36: 0 | O36: =VLOOKUP($M36,FORMULAS!$O$19:$P$22,2,FALSE)*N36 -> 0 | P36: =VLOOKUP($M36,FORMULAS!$O$19:$Q$22,3,FALSE)*N36 -> 0 | Q36: =VLOOKUP($M36,FORMULAS!$O$19:$R$22,4,FALSE)*N36 -> 0 | T36: Carnes, pescados y huevos | U36: =M36 -> Medios en grasas | V36: =N36 -> 0
M37: Bajos en grasas | N37: 0 | O37: =VLOOKUP($M37,FORMULAS!$O$19:$P$22,2,FALSE)*N37 -> 0 | P37: =VLOOKUP($M37,FORMULAS!$O$19:$Q$22,3,FALSE)*N37 -> 0 | Q37: =VLOOKUP($M37,FORMULAS!$O$19:$R$22,4,FALSE)*N37 -> 0 | U37: =M37 -> Bajos en grasas | V37: =N37 -> 0
M38: Embutidos | N38: 0 | O38: =VLOOKUP($M38,FORMULAS!$O$19:$P$22,2,FALSE)*N38 -> 0 | P38: =VLOOKUP($M38,FORMULAS!$O$19:$Q$22,3,FALSE)*N38 -> 0 | Q38: =VLOOKUP($M38,FORMULAS!$O$19:$R$22,4,FALSE)*N38 -> 0 | U38: =M38 -> Embutidos | V38: =N38 -> 0
L39: Leguminosas | M39: Leguminosas | N39: 0 | O39: =VLOOKUP($M39,FORMULAS!$O$23:$P$23,2,FALSE)*N39 -> 0 | P39: =VLOOKUP($M39,FORMULAS!$O$23:$Q$23,3,FALSE)*N39 -> 0 | Q39: =VLOOKUP($M39,FORMULAS!$O$23:$R$23,4,FALSE)*N39 -> 0 | T39: Leguminosas | U39: =M39 -> Leguminosas | V39: =N39 -> 0
L40: Grasas y frutos secos | M40: Altos en grasas y bajos en CHO | N40: 0 | O40: =VLOOKUP($M40,FORMULAS!$O$24:$P$27,2,FALSE)*N40 -> 0 | P40: =VLOOKUP($M40,FORMULAS!$O$24:$Q$27,3,FALSE)*N40 -> 0 | Q40: =VLOOKUP($M40,FORMULAS!$O$24:$R$27,4,FALSE)*N40 -> 0 | T40: Grasas y frutos secos | U40: =M40 -> Altos en grasas y bajos en CHO | V40: =N40 -> 0
M41: Medios en grasas y bajor en CHO | N41: 0 | O41: =VLOOKUP($M41,FORMULAS!$O$24:$P$27,2,FALSE)*N41 -> 0 | P41: =VLOOKUP($M41,FORMULAS!$O$24:$Q$27,3,FALSE)*N41 -> 0 | Q41: =VLOOKUP($M41,FORMULAS!$O$24:$R$27,4,FALSE)*N41 -> 0 | U41: =M41 -> Medios en grasas y bajor en CHO | V41: =N41 -> 0
L42: Azúcares y alimentos azucarados | M42: Azucares y alimentos azucarados | N42: 1.25 | O42: =VLOOKUP($M42,FORMULAS!$O$28:$P$28,2,FALSE)*N42 -> 12.5 | P42: =VLOOKUP($M42,FORMULAS!$O$28:$Q$28,3,FALSE)*N42 -> 0 | Q42: =VLOOKUP($M42,FORMULAS!$O$28:$R$28,4,FALSE)*N42 -> 0 | T42: Azúcares y alimentos azucarados | U42: =M42 -> Azucares y alimentos azucarados | V42: =N42 -> 1.25
N43: TOTAL | O43: =SUM(O28:O42) -> 67.5 | P43: =SUM(P28:P42) -> 14 | Q43: =SUM(Q28:Q42) -> 2.25 | U43: DETALLES
N44: BALANCE | O44: =O43-O27 -> 2.78375 | P44: =P43-P27 -> 10.95 | Q44: =Q43-Q27 -> 2.2738889
L47: ALMUERZO | T47: ALMUERZO
O48: CHO (g) | P48: Prot (g) | Q48: Grasas (g) | W48: LUNES | Y48: MARTES | AA48: MIERCOLES | AC48: JUEVES | AE48: VIERNES
L49: Grupo de alimento | M49: Subgrupo | N49: # de raciones de intercambio | O49: =G17-O44 -> 99.4325 | P49: =H17-P44 -> 29.85 | Q49: =I17-Q44 -> 31.952222 | T49: Grupo de alimento | U49: Subgrupo | V49: # | W49: Descripción (alimento) | X49: Cantidad | Y49: Descripción (alimento) | Z49: Cantidad | AA49: Descripción (alimento) | AB49: Cantidad | AC49: Descripción (alimento) | AD49: Cantidad | AE49: Descripción (alimento) | AF49: Cantidad
L50: Cereales, tuberculos y plátanos | M50: Altos en CHO y bajos en grasas | N50: 3 | O50: =VLOOKUP($M50,FORMULAS!$O$6:$P$8,2,FALSE)*N50 -> 90 | P50: =VLOOKUP($M50,FORMULAS!$O$6:$Q$8,3,FALSE)*N50 -> 12 | Q50: =VLOOKUP($M50,FORMULAS!$O$6:$R$8,4,FALSE)*N50 -> 3 | T50: Cereales, tuberculos y plátanos | U50: =M50 -> Altos en CHO y bajos en grasas | V50: =N50 -> 3
M51: Medios en CHO y bajos en grasas | N51: 0 | O51: =VLOOKUP($M51,FORMULAS!$O$6:$P$8,2,FALSE)*N51 -> 0 | P51: =VLOOKUP($M51,FORMULAS!$O$6:$Q$8,3,FALSE)*N51 -> 0 | Q51: =VLOOKUP($M51,FORMULAS!$O$6:$R$8,4,FALSE)*N51 -> 0 | U51: =M51 -> Medios en CHO y bajos en grasas | V51: =N51 -> 0
L52: Frutas | M52: Medias en CHO | N52: 1 | O52: =VLOOKUP($M52,FORMULAS!$O$9:$P$11,2,FALSE)*N52 -> 20 | P52: =VLOOKUP($M52,FORMULAS!$O$9:$Q$11,3,FALSE)*N52 -> 1 | Q52: =VLOOKUP($M52,FORMULAS!$O$9:$R$11,4,FALSE)*N52 -> 0 | T52: Frutas | U52: =M52 -> Medias en CHO | V52: =N52 -> 1
M53: Bajas en CHO | N53: 0 | O53: =VLOOKUP($M53,FORMULAS!$O$9:$P$11,2,FALSE)*N53 -> 0 | P53: =VLOOKUP($M53,FORMULAS!$O$9:$Q$11,3,FALSE)*N53 -> 0 | Q53: =VLOOKUP($M53,FORMULAS!$O$9:$R$11,4,FALSE)*N53 -> 0 | U53: =M53 -> Bajas en CHO | V53: =N53 -> 0
L54: Vegetales | M54: Bajos en CHO | N54: 2 | O54: =VLOOKUP($M54,FORMULAS!$O$12:$P$13,2,FALSE)*N54 -> 10 | P54: =VLOOKUP($M54,FORMULAS!$O$12:$Q$13,3,FALSE)*N54 -> 2 | Q54: =VLOOKUP($M54,FORMULAS!$O$12:$R$13,4,FALSE)*N54 -> 0 | T54: Vegetales | U54: =M54 -> Bajos en CHO | V54: =N54 -> 2
M55: Libre consumo | N55: 0 | O55: =VLOOKUP($M55,FORMULAS!$O$12:$P$13,2,FALSE)*N55 -> 0 | P55: =VLOOKUP($M55,FORMULAS!$O$12:$Q$13,3,FALSE)*N55 -> 0 | Q55: =VLOOKUP($M55,FORMULAS!$O$12:$R$13,4,FALSE)*N55 -> 0 | U55: =M55 -> Libre consumo | V55: =N55 -> 0
L56: Lácteos | M56: Descremados - bajos en grasas | N56: 0 | O56: =VLOOKUP($M56,FORMULAS!$O$14:$P$18,2,FALSE)*N56 -> 0 | P56: =VLOOKUP($M56,FORMULAS!$O$14:$Q$18,3,FALSE)*N56 -> 0 | Q56: =VLOOKUP($M56,FORMULAS!$O$14:$R$18,4,FALSE)*N56 -> 0 | T56: Lácteos | U56: =M56 -> Descremados - bajos en grasas | V56: =N56 -> 0
M57: Semidescremados - medios en grasas | N57: 0 | O57: =VLOOKUP($M57,FORMULAS!$O$14:$P$18,2,FALSE)*N57 -> 0 | P57: =VLOOKUP($M57,FORMULAS!$O$14:$Q$18,3,FALSE)*N57 -> 0 | Q57: =VLOOKUP($M57,FORMULAS!$O$14:$R$18,4,FALSE)*N57 -> 0 | U57: =M57 -> Semidescremados - medios en grasas | V57: =N57 -> 0
L58: Carnes, pescados y huevos | M58: Medios en grasas | N58: 0 | O58: =VLOOKUP($M58,FORMULAS!$O$19:$P$22,2,FALSE)*N58 -> 0 | P58: =VLOOKUP($M58,FORMULAS!$O$19:$Q$22,3,FALSE)*N58 -> 0 | Q58: =VLOOKUP($M58,FORMULAS!$O$19:$R$22,4,FALSE)*N58 -> 0 | T58: Carnes, pescados y huevos | U58: =M58 -> Medios en grasas | V58: =N58 -> 0
M59: Bajos en grasas | N59: 2 | O59: =VLOOKUP($M59,FORMULAS!$O$19:$P$22,2,FALSE)*N59 -> 0 | P59: =VLOOKUP($M59,FORMULAS!$O$19:$Q$22,3,FALSE)*N59 -> 22 | Q59: =VLOOKUP($M59,FORMULAS!$O$19:$R$22,4,FALSE)*N59 -> 4 | U59: =M59 -> Bajos en grasas | V59: =N59 -> 2
M60: Embutidos | N60: 0 | O60: =VLOOKUP($M60,FORMULAS!$O$19:$P$22,2,FALSE)*N60 -> 0 | P60: =VLOOKUP($M60,FORMULAS!$O$19:$Q$22,3,FALSE)*N60 -> 0 | Q60: =VLOOKUP($M60,FORMULAS!$O$19:$R$22,4,FALSE)*N60 -> 0 | U60: =M60 -> Embutidos | V60: =N60 -> 0
L61: Leguminosas | M61: Leguminosas | N61: 0 | O61: =VLOOKUP($M61,FORMULAS!$O$23:$P$23,2,FALSE)*N61 -> 0 | P61: =VLOOKUP($M61,FORMULAS!$O$23:$Q$23,3,FALSE)*N61 -> 0 | Q61: =VLOOKUP($M61,FORMULAS!$O$23:$R$23,4,FALSE)*N61 -> 0 | T61: Leguminosas | U61: =M61 -> Leguminosas | V61: =N61 -> 0
L62: Grasas y frutos secos | M62: Medios en grasas | N62: 1 | O62: =VLOOKUP($M62,FORMULAS!$O$24:$P$27,2,FALSE)*N62 -> 2 | P62: =VLOOKUP($M62,FORMULAS!$O$24:$Q$27,3,FALSE)*N62 -> 1 | Q62: =VLOOKUP($M62,FORMULAS!$O$24:$R$27,4,FALSE)*N62 -> 7 | T62: Grasas y frutos secos | U62: =M62 -> Medios en grasas | V62: =N62 -> 1
M63: Medios en grasas y bajor en CHO | N63: 0 | O63: =VLOOKUP($M63,FORMULAS!$O$24:$P$27,2,FALSE)*N63 -> 0 | P63: =VLOOKUP($M63,FORMULAS!$O$24:$Q$27,3,FALSE)*N63 -> 0 | Q63: =VLOOKUP($M63,FORMULAS!$O$24:$R$27,4,FALSE)*N63 -> 0 | U63: =M63 -> Medios en grasas y bajor en CHO | V63: =N63 -> 0
L64: Azúcares y alimentos azucarados | M64: Azucares y alimentos azucarados | N64: 1 | O64: =VLOOKUP($M64,FORMULAS!$O$28:$P$28,2,FALSE)*N64 -> 10 | P64: =VLOOKUP($M64,FORMULAS!$O$28:$Q$28,3,FALSE)*N64 -> 0 | Q64: =VLOOKUP($M64,FORMULAS!$O$28:$R$28,4,FALSE)*N64 -> 0 | T64: Azúcares y alimentos azucarados | U64: =M64 -> Azucares y alimentos azucarados | V64: =N64 -> 1
N65: TOTAL | O65: =SUM(O50:O64) -> 132 | P65: =SUM(P50:P64) -> 38 | Q65: =SUM(Q50:Q64) -> 14 | U65: DETALLES
N66: BALANCE | O66: =O65-O49 -> 32.5675 | P66: =P65-P49 -> 8.15 | Q66: =Q65-Q49 -> -17.952222
L69: MERIENDA | T69: MERIENDA
O70: CHO (g) | P70: Prot (g) | Q70: Grasas (g) | W70: LUNES | Y70: MARTES | AA70: MIERCOLES | AC70: JUEVES | AE70: VIERNES
L71: Grupo de alimento | M71: Subgrupo | N71: # de raciones de intercambio | O71: =G18-O66 -> -32.5675 | P71: =H18-P66 -> -8.15 | Q71: =I18-Q66 -> 17.952222 | T71: Grupo de alimento | U71: Subgrupo | V71: # | W71: Descripción (alimento) | X71: Cantidad | Y71: Descripción (alimento) | Z71: Cantidad | AA71: Descripción (alimento) | AB71: Cantidad | AC71: Descripción (alimento) | AD71: Cantidad | AE71: Descripción (alimento) | AF71: Cantidad
L72: Cereales, tuberculos y plátanos | M72: Medios en CHO y bajos en grasas | N72: 0 | O72: =VLOOKUP($M72,FORMULAS!$O$6:$P$8,2,FALSE)*N72 -> 0 | P72: =VLOOKUP($M72,FORMULAS!$O$6:$Q$8,3,FALSE)*N72 -> 0 | Q72: =VLOOKUP($M72,FORMULAS!$O$6:$R$8,4,FALSE)*N72 -> 0 | T72: Cereales, tuberculos y plátanos | U72: =M72 -> Medios en CHO y bajos en grasas | V72: =N72 -> 0
M73: Medios en CHO y bajos en grasas | N73: 0 | O73: =VLOOKUP($M73,FORMULAS!$O$6:$P$8,2,FALSE)*N73 -> 0 | P73: =VLOOKUP($M73,FORMULAS!$O$6:$Q$8,3,FALSE)*N73 -> 0 | Q73: =VLOOKUP($M73,FORMULAS!$O$6:$R$8,4,FALSE)*N73 -> 0 | U73: =M73 -> Medios en CHO y bajos en grasas | V73: =N73 -> 0
L74: Frutas | M74: Medias en CHO | N74: 0 | O74: =VLOOKUP($M74,FORMULAS!$O$9:$P$11,2,FALSE)*N74 -> 0 | P74: =VLOOKUP($M74,FORMULAS!$O$9:$Q$11,3,FALSE)*N74 -> 0 | Q74: =VLOOKUP($M74,FORMULAS!$O$9:$R$11,4,FALSE)*N74 -> 0 | T74: Frutas | U74: =M74 -> Medias en CHO | V74: =N74 -> 0
M75: Bajas en CHO | N75: 0 | O75: =VLOOKUP($M75,FORMULAS!$O$9:$P$11,2,FALSE)*N75 -> 0 | P75: =VLOOKUP($M75,FORMULAS!$O$9:$Q$11,3,FALSE)*N75 -> 0 | Q75: =VLOOKUP($M75,FORMULAS!$O$9:$R$11,4,FALSE)*N75 -> 0 | U75: =M75 -> Bajas en CHO | V75: =N75 -> 0
L76: Vegetales | M76: Bajos en CHO | N76: 0 | O76: =VLOOKUP($M76,FORMULAS!$O$12:$P$13,2,FALSE)*N76 -> 0 | P76: =VLOOKUP($M76,FORMULAS!$O$12:$Q$13,3,FALSE)*N76 -> 0 | Q76: =VLOOKUP($M76,FORMULAS!$O$12:$R$13,4,FALSE)*N76 -> 0 | T76: Vegetales | U76: =M76 -> Bajos en CHO | V76: =N76 -> 0
M77: Libre consumo | N77: 0 | O77: =VLOOKUP($M77,FORMULAS!$O$12:$P$13,2,FALSE)*N77 -> 0 | P77: =VLOOKUP($M77,FORMULAS!$O$12:$Q$13,3,FALSE)*N77 -> 0 | Q77: =VLOOKUP($M77,FORMULAS!$O$12:$R$13,4,FALSE)*N77 -> 0 | U77: =M77 -> Libre consumo | V77: =N77 -> 0
L78: Lácteos | M78: Descremados - bajos en grasas | N78: 0 | O78: =VLOOKUP($M78,FORMULAS!$O$14:$P$18,2,FALSE)*N78 -> 0 | P78: =VLOOKUP($M78,FORMULAS!$O$14:$Q$18,3,FALSE)*N78 -> 0 | Q78: =VLOOKUP($M78,FORMULAS!$O$14:$R$18,4,FALSE)*N78 -> 0 | T78: Lácteos | U78: =M78 -> Descremados - bajos en grasas | V78: =N78 -> 0
M79: Semidescremados - medios en grasas | N79: 0 | O79: =VLOOKUP($M79,FORMULAS!$O$14:$P$18,2,FALSE)*N79 -> 0 | P79: =VLOOKUP($M79,FORMULAS!$O$14:$Q$18,3,FALSE)*N79 -> 0 | Q79: =VLOOKUP($M79,FORMULAS!$O$14:$R$18,4,FALSE)*N79 -> 0 | U79: =M79 -> Semidescremados - medios en grasas | V79: =N79 -> 0
L80: Carnes, pescados y huevos | M80: Medios en grasas | N80: 0 | O80: =VLOOKUP($M80,FORMULAS!$O$19:$P$22,2,FALSE)*N80 -> 0 | P80: =VLOOKUP($M80,FORMULAS!$O$19:$Q$22,3,FALSE)*N80 -> 0 | Q80: =VLOOKUP($M80,FORMULAS!$O$19:$R$22,4,FALSE)*N80 -> 0 | T80: Carnes, pescados y huevos | U80: =M80 -> Medios en grasas | V80: =N80 -> 0
M81: Bajos en grasas | N81: 0 | O81: =VLOOKUP($M81,FORMULAS!$O$19:$P$22,2,FALSE)*N81 -> 0 | P81: =VLOOKUP($M81,FORMULAS!$O$19:$Q$22,3,FALSE)*N81 -> 0 | Q81: =VLOOKUP($M81,FORMULAS!$O$19:$R$22,4,FALSE)*N81 -> 0 | U81: =M81 -> Bajos en grasas | V81: =N81 -> 0
M82: Embutidos | N82: 0 | O82: =VLOOKUP($M82,FORMULAS!$O$19:$P$22,2,FALSE)*N82 -> 0 | P82: =VLOOKUP($M82,FORMULAS!$O$19:$Q$22,3,FALSE)*N82 -> 0 | Q82: =VLOOKUP($M82,FORMULAS!$O$19:$R$22,4,FALSE)*N82 -> 0 | U82: =M82 -> Embutidos | V82: =N82 -> 0
L83: Leguminosas | M83: Leguminosas | N83: 0 | O83: =VLOOKUP($M83,FORMULAS!$O$23:$P$23,2,FALSE)*N83 -> 0 | P83: =VLOOKUP($M83,FORMULAS!$O$23:$Q$23,3,FALSE)*N83 -> 0 | Q83: =VLOOKUP($M83,FORMULAS!$O$23:$R$23,4,FALSE)*N83 -> 0 | T83: Leguminosas | U83: =M83 -> Leguminosas | V83: =N83 -> 0
L84: Grasas y frutos secos | M84: Altos en grasas y bajos en CHO | N84: 0 | O84: =VLOOKUP($M84,FORMULAS!$O$24:$P$27,2,FALSE)*N84 -> 0 | P84: =VLOOKUP($M84,FORMULAS!$O$24:$Q$27,3,FALSE)*N84 -> 0 | Q84: =VLOOKUP($M84,FORMULAS!$O$24:$R$27,4,FALSE)*N84 -> 0 | T84: Grasas y frutos secos | U84: =M84 -> Altos en grasas y bajos en CHO | V84: =N84 -> 0
M85: Medios en grasas y bajor en CHO | N85: 0 | O85: =VLOOKUP($M85,FORMULAS!$O$24:$P$27,2,FALSE)*N85 -> 0 | P85: =VLOOKUP($M85,FORMULAS!$O$24:$Q$27,3,FALSE)*N85 -> 0 | Q85: =VLOOKUP($M85,FORMULAS!$O$24:$R$27,4,FALSE)*N85 -> 0 | U85: =M85 -> Medios en grasas y bajor en CHO | V85: =N85 -> 0
L86: Azúcares y alimentos azucarados | M86: Azucares y alimentos azucarados | N86: 0 | O86: =VLOOKUP($M86,FORMULAS!$O$28:$P$28,2,FALSE)*N86 -> 0 | P86: =VLOOKUP($M86,FORMULAS!$O$28:$Q$28,3,FALSE)*N86 -> 0 | Q86: =VLOOKUP($M86,FORMULAS!$O$28:$R$28,4,FALSE)*N86 -> 0 | T86: Azúcares y alimentos azucarados | U86: =M86 -> Azucares y alimentos azucarados | V86: =N86 -> 0
N87: TOTAL | O87: =SUM(O72:O86) -> 0 | P87: =SUM(P72:P86) -> 0 | Q87: =SUM(Q72:Q86) -> 0 | U87: DETALLES
N88: BALANCE | O88: =O87-O71 -> 32.5675 | P88: =P87-P71 -> 8.15 | Q88: =Q87-Q71 -> -17.952222
L91: CENA | T91: CENA
O92: CHO (g) | P92: Prot (g) | Q92: Grasas (g) | W92: LUNES | Y92: MARTES | AA92: MIERCOLES | AC92: JUEVES | AE92: VIERNES
L93: Grupo de alimento | M93: Subgrupo | N93: # de raciones de intercambio | O93: =G19-O88 -> 18.540625 | P93: =H19-P88 -> 12.25 | Q93: =I19-Q88 -> 35.065278 | T93: Grupo de alimento | U93: Subgrupo | V93: # | W93: Descripción (alimento) | X93: Cantidad | Y93: Descripción (alimento) | Z93: Cantidad | AA93: Descripción (alimento) | AB93: Cantidad | AC93: Descripción (alimento) | AD93: Cantidad | AE93: Descripción (alimento) | AF93: Cantidad
L94: Cereales, tuberculos y plátanos | M94: Altos en CHO y bajos en grasas | N94: 1 | O94: =VLOOKUP($M94,FORMULAS!$O$6:$P$8,2,FALSE)*N94 -> 30 | P94: =VLOOKUP($M94,FORMULAS!$O$6:$Q$8,3,FALSE)*N94 -> 4 | Q94: =VLOOKUP($M94,FORMULAS!$O$6:$R$8,4,FALSE)*N94 -> 1 | T94: Cereales, tuberculos y plátanos | U94: =M94 -> Altos en CHO y bajos en grasas | V94: =N94 -> 1
M95: Medios en CHO y bajos en grasas | N95: 0 | O95: =VLOOKUP($M95,FORMULAS!$O$6:$P$8,2,FALSE)*N95 -> 0 | P95: =VLOOKUP($M95,FORMULAS!$O$6:$Q$8,3,FALSE)*N95 -> 0 | Q95: =VLOOKUP($M95,FORMULAS!$O$6:$R$8,4,FALSE)*N95 -> 0 | U95: =M95 -> Medios en CHO y bajos en grasas | V95: =N95 -> 0
L96: Frutas | M96: Medias en CHO | N96: 0 | O96: =VLOOKUP($M96,FORMULAS!$O$9:$P$11,2,FALSE)*N96 -> 0 | P96: =VLOOKUP($M96,FORMULAS!$O$9:$Q$11,3,FALSE)*N96 -> 0 | Q96: =VLOOKUP($M96,FORMULAS!$O$9:$R$11,4,FALSE)*N96 -> 0 | T96: Frutas | U96: =M96 -> Medias en CHO | V96: =N96 -> 0
M97: Bajas en CHO | N97: 0 | O97: =VLOOKUP($M97,FORMULAS!$O$9:$P$11,2,FALSE)*N97 -> 0 | P97: =VLOOKUP($M97,FORMULAS!$O$9:$Q$11,3,FALSE)*N97 -> 0 | Q97: =VLOOKUP($M97,FORMULAS!$O$9:$R$11,4,FALSE)*N97 -> 0 | U97: =M97 -> Bajas en CHO | V97: =N97 -> 0
L98: Vegetales | M98: Bajos en CHO | N98: 2 | O98: =VLOOKUP($M98,FORMULAS!$O$12:$P$13,2,FALSE)*N98 -> 10 | P98: =VLOOKUP($M98,FORMULAS!$O$12:$Q$13,3,FALSE)*N98 -> 2 | Q98: =VLOOKUP($M98,FORMULAS!$O$12:$R$13,4,FALSE)*N98 -> 0 | T98: Vegetales | U98: =M98 -> Bajos en CHO | V98: =N98 -> 2
M99: Libre consumo | N99: 0 | O99: =VLOOKUP($M99,FORMULAS!$O$12:$P$13,2,FALSE)*N99 -> 0 | P99: =VLOOKUP($M99,FORMULAS!$O$12:$Q$13,3,FALSE)*N99 -> 0 | Q99: =VLOOKUP($M99,FORMULAS!$O$12:$R$13,4,FALSE)*N99 -> 0 | U99: =M99 -> Libre consumo | V99: =N99 -> 0
L100: Lácteos | M100: Descremados - bajos en grasas | N100: 0 | O100: =VLOOKUP($M100,FORMULAS!$O$14:$P$18,2,FALSE)*N100 -> 0 | P100: =VLOOKUP($M100,FORMULAS!$O$14:$Q$18,3,FALSE)*N100 -> 0 | Q100: =VLOOKUP($M100,FORMULAS!$O$14:$R$18,4,FALSE)*N100 -> 0 | T100: Lácteos | U100: =M100 -> Descremados - bajos en grasas | V100: =N100 -> 0
M101: Semidescremados - medios en grasas | N101: 0 | O101: =VLOOKUP($M101,FORMULAS!$O$14:$P$18,2,FALSE)*N101 -> 0 | P101: =VLOOKUP($M101,FORMULAS!$O$14:$Q$18,3,FALSE)*N101 -> 0 | Q101: =VLOOKUP($M101,FORMULAS!$O$14:$R$18,4,FALSE)*N101 -> 0 | U101: =M101 -> Semidescremados - medios en grasas | V101: =N101 -> 0
L102: Carnes, pescados y huevos | M102: Medios en grasas | N102: 0 | O102: =VLOOKUP($M102,FORMULAS!$O$19:$P$22,2,FALSE)*N102 -> 0 | P102: =VLOOKUP($M102,FORMULAS!$O$19:$Q$22,3,FALSE)*N102 -> 0 | Q102: =VLOOKUP($M102,FORMULAS!$O$19:$R$22,4,FALSE)*N102 -> 0 | T102: Carnes, pescados y huevos | U102: =M102 -> Medios en grasas | V102: =N102 -> 0
M103: Bajos en grasas | N103: 1 | O103: =VLOOKUP($M103,FORMULAS!$O$19:$P$22,2,FALSE)*N103 -> 0 | P103: =VLOOKUP($M103,FORMULAS!$O$19:$Q$22,3,FALSE)*N103 -> 11 | Q103: =VLOOKUP($M103,FORMULAS!$O$19:$R$22,4,FALSE)*N103 -> 2 | U103: =M103 -> Bajos en grasas | V103: =N103 -> 1
M104: Embutidos | N104: 0 | O104: =VLOOKUP($M104,FORMULAS!$O$19:$P$22,2,FALSE)*N104 -> 0 | P104: =VLOOKUP($M104,FORMULAS!$O$19:$Q$22,3,FALSE)*N104 -> 0 | Q104: =VLOOKUP($M104,FORMULAS!$O$19:$R$22,4,FALSE)*N104 -> 0 | U104: =M104 -> Embutidos | V104: =N104 -> 0
L105: Leguminosas | M105: Leguminosas | N105: 0 | O105: =VLOOKUP($M105,FORMULAS!$O$23:$P$23,2,FALSE)*N105 -> 0 | P105: =VLOOKUP($M105,FORMULAS!$O$23:$Q$23,3,FALSE)*N105 -> 0 | Q105: =VLOOKUP($M105,FORMULAS!$O$23:$R$23,4,FALSE)*N105 -> 0 | T105: Leguminosas | U105: =M105 -> Leguminosas | V105: =N105 -> 0
L106: Grasas y frutos secos | M106: Altos en grasas | N106: 2 | O106: =VLOOKUP($M106,FORMULAS!$O$24:$P$27,2,FALSE)*N106 -> 2 | P106: =VLOOKUP($M106,FORMULAS!$O$24:$Q$27,3,FALSE)*N106 -> 2 | Q106: =VLOOKUP($M106,FORMULAS!$O$24:$R$27,4,FALSE)*N106 -> 24 | T106: Grasas y frutos secos | U106: =M106 -> Altos en grasas | V106: =N106 -> 2
...
